ITEM_ID,TOTAL_REVENUE,BASKET_SIZE,DISTINCT_CUSTOMERS,VISITS_PURCHASED,AVG_PRICE
11740941,41193.22994,27307,10198,27307,1.477602898
11685694,30867.7341,3127,2493,3127,8.49869876
11740923,28267.85961,9749,4593,9749,1.393544952
11696675,22125.00149,2257,1743,2257,9.286576188
11610106,20373.91128,2084,1450,2084,9.695243626
11686823,20128.18963,5764,3415,5764,3.181791509
11750434,18913.91229,2745,1871,2745,3.561224067
12762899,17920.14947,4571,3205,4571,3.255634131
11650611,13916.84942,2080,1238,2080,6.559525972
11741143,13903.88921,2795,1858,2795,4.977630753
11696680,12159.15813,1902,1461,1902,5.681752051
13881134,11835.73315,1262,950,1262,9.181787
11697985,11791.05527,1438,1109,1438,6.965982097
11743201,11600.08985,4575,2855,4575,2.315716057
11741816,11287.53981,3202,2109,3202,3.074299544
11611881,10988.10983,3717,2429,3717,2.980371283
11639874,10871.38187,1119,917,1119,9.407914928
11675064,10524.32889,1830,838,1830,5.43353181
11600537,10303.03979,2806,2295,2806,2.847858904
11741274,10223.32986,5224,3190,5224,1.14688542
11657048,10058.02881,1017,732,1017,9.586642843
12518517,9770.00241,1205,571,1205,6.269180755
11659747,9751.82954,2905,1610,2905,2.468887898
11697918,9687.99,3464,2276,3464,2.427421393
11746232,9662.22981,2464,1174,2464,3.684878124
11742360,9660.89995,5038,3047,5038,1.903941805
14388093,9641.24543,1069,791,1069,8.467479892
11741127,9620.67956,2047,1523,2047,4.753481248
11677203,9587.74912,1953,1262,1953,4.925877092
11676841,9412.90731,1466,953,1466,4.870763049
11675055,9348.58937,1655,771,1655,5.451816533
11832850,9266.25688,1064,741,1064,7.830442808
11745837,8996.98992,3797,2384,3797,2.365243561
11746233,8760.20976,2238,1052,2238,3.683559997
11600749,8603.15,4210,2921,4210,1.938885721
11742736,8544.10982,3701,2524,3701,2.304411719
11742461,8475.88992,3444,2198,3444,2.44236553
11662922,8319.99168,851,489,851,9.281804697
11675063,7877.07893,1349,573,1349,5.423706072
11746238,7663.68972,1874,816,1874,3.681558118
11659745,7518.15965,2179,1201,2179,2.492628084
11696659,7495.00895,1056,841,1056,6.601140563
11740296,7300.20998,3021,1746,3021,2.376778693
11612558,6708.78,3294,2394,3294,1.93840073
12913750,6686.69995,1241,672,1241,4.982647837
11599868,6615.93,2641,1867,2641,2.49
11686839,6535.07992,1857,1347,1857,3.243595532
11832856,6358.8395,1152,808,1152,5.148978379
11702769,6349.93912,1087,842,1087,5.229982714
11608903,6287.18989,1269,1025,1269,4.836826983
11717359,6207.61997,1174,631,1174,4.985759377
11696651,6126.20403,617,541,617,9.695407225
11743679,5924.97991,1323,989,1323,4.571062065
11600129,5714.51985,1838,1176,1838,3.091396491
11746191,5623.02946,1010,757,1010,4.989827143
11702687,5531.09773,658,585,658,6.46063084
11629829,5517.63997,2141,1320,2141,0.608581726
12788250,5403.40999,1234,886,1234,4.108187109
13797916,5344.62999,1322,931,1322,3.984964617
12932343,5246.09557,548,499,548,7.696890687
11699376,5215.69865,755,622,755,5.702259478
11668104,5165.3697,1415,917,1415,2.875755381
14340248,5161.52622,537,379,537,8.925871983
11633904,4820.7799,1345,928,1345,3.435457746
12635005,4804.38937,904,796,904,4.409890627
11746136,4644.85957,798,397,798,5.549803168
11746188,4640.94965,856,642,856,5.002300015
14570356,4635.20972,780,656,780,5.258922636
11668067,4612.62987,1322,892,1322,2.892159439
11712767,4604.41989,1156,606,1156,3.683001702
15066444,4541.04981,769,605,769,5.576410475
11635293,4527.36951,584,537,584,7.377649009
11689531,4505.85983,865,632,865,4.604162753
14567596,4485.61966,768,648,768,5.406818975
14567659,4441.62972,781,672,781,5.245308331
11696669,4434.87928,576,390,576,7.104825734
11675059,4345.92953,754,384,754,5.410163302
11673668,4328.3689,569,449,569,6.586542707
11745914,4327.83989,2161,1631,2161,0.913854194
11742786,4139,2616,1808,2616,1.562663845
11616783,4125.99993,875,505,875,4.490472358
11600491,4099.26996,1275,918,1275,3.023931684
11635275,4087.31859,409,392,409,9.713085667
11820821,4072.1376,428,374,428,6.990544665
14570357,4021.00984,706,605,706,5.206676048
11746246,3992.33965,940,505,940,3.743433692
12750654,3960.55997,891,598,891,4.163247278
11743876,3960.24976,1002,686,1002,3.61630909
11746124,3934.31987,742,423,742,4.925838904
15145961,3919.7761,392,317,392,9.786844005
14567807,3883.21967,667,552,667,5.317092523
11735563,3869.99613,392,198,392,8.29327336
12406002,3859.28625,387,346,387,9.738681328
11749110,3845.78999,1187,834,1187,2.753320684
11742670,3843.35992,2146,1471,2146,1.79182301
11659751,3836.77972,1118,813,1118,2.393195998
11743933,3813.6,1569,1069,1569,0.712281708
11742603,3812.44999,2684,1649,2684,1.422095128
11666579,3800.23988,716,638,716,4.743961206
11746231,3749.55996,1517,835,1517,2.279040699
15065940,3689.23985,618,503,618,5.733020396
11742219,3659.68999,2411,1719,2411,1.530764702
11712740,3649.7799,913,459,913,3.676754455
12187228,3630.23997,848,590,848,3.920566694
11842659,3609.67737,381,319,381,9.150509606
11838638,3574.76982,796,591,796,4.029757026
12906968,3534.02922,505,350,505,6.185078644
11662192,3495.06803,370,299,370,8.838022311
11828090,3469.43999,773,682,773,2.971170117
11741211,3458.22997,1454,907,1454,1.126813672
11749354,3423.68,1161,1057,1161,2.812566753
14376833,3414.21994,827,569,827,3.848373665
11634180,3413.13971,415,328,415,7.871019735
11649813,3376.16982,1288,570,1288,1.485750302
11613509,3370.79913,558,431,558,4.794554685
11613507,3369.89918,558,420,558,4.882926465
11684627,3368.6794,392,343,392,5.839667756
11742303,3358.94997,1004,504,1004,3.019641069
11601443,3348.64994,900,768,900,3.564491434
11698905,3347.83818,421,372,421,5.017523747
11677975,3343.22997,1150,1006,1150,2.68764808
12472025,3337.69993,762,559,762,3.92313208
11698908,3328.96835,356,324,356,7.175638087
15065935,3316.65991,588,498,588,5.434287266
14856715,3283.62984,569,482,569,5.238084253
11746235,3274.95999,1353,762,1353,2.279792898
11741282,3246.83999,2330,1573,2330,0.79992168
14340226,3208.86821,344,227,344,8.348706988
11742721,3207.47966,486,367,486,6.411138035
14498035,3204.19979,550,444,550,5.605002857
11779280,3187.00991,954,618,954,2.79424547
11606574,3170.84991,820,713,820,3.151611561
11697902,3143.22999,1690,1213,1690,1.653974358
11746228,3136.90938,522,189,522,5.401168003
11742393,3125.60999,1459,1105,1459,2.145435377
11820781,3120.70906,363,325,363,8.309485242
11746227,3093.76998,803,401,803,3.685998334
11742573,3058.29996,1038,683,1038,2.765971678
14905344,3052.88996,617,406,617,4.542755247
11682375,3050.61968,575,433,575,4.699442649
11686818,3024.74997,783,544,783,3.62673477
11634183,3020.49747,303,211,303,9.74586646
11702684,3017.45732,309,269,309,9.725702557
11673145,3012.46982,511,243,511,5.719119198
11606551,2984.37995,696,618,696,3.13557792
14345189,2973.74956,483,377,483,5.387798091
15145965,2959.99704,296,247,296,9.456634688
11603742,2910.26998,725,384,725,3.888464359
14020974,2893.00991,546,451,546,5.204493205
11746297,2892.42978,656,236,656,3.866213634
11740976,2891.97992,715,647,715,2.993459183
14543178,2859.82844,304,280,304,9.188032368
11660920,2857.86995,821,520,821,3.048484092
12499413,2834.15912,311,305,311,8.427395726
11760148,2817.42993,515,429,515,4.937951663
11679922,2801.95976,767,530,767,3.612148778
12788252,2778.08992,445,351,445,6.098441865
12788247,2769.47991,510,356,510,5.333660688
11735921,2768.16991,813,597,813,3.299341686
11646916,2756.2191,292,281,292,8.97834225
13966656,2740.55851,301,251,301,9.005177874
11701728,2740.17999,1624,1216,1624,1.705947891
11686251,2736.09799,291,279,291,6.344632846
11742169,2733.49996,1447,957,1447,1.926906755
11698123,2729.99727,273,246,273,9.6611625
11602754,2712.81989,692,408,692,3.150081846
11740420,2708.55996,1093,721,1093,2.453498604
11746248,2704.87983,622,348,622,3.973304518
11742015,2697.62999,1247,916,1247,1.937765242
11675202,2696.1795,432,178,432,5.639305
11873431,2680.83976,500,392,500,4.766496132
11665774,2673.84998,621,556,621,4.141798164
11735871,2664.09,856,690,856,2.99
11746294,2660.18995,630,298,630,3.885581984
11838636,2653.36995,610,419,610,4.095829191
11735962,2623.87994,772,563,772,3.051572083
11686811,2612.06998,641,426,641,3.827130923
11731777,2601.96965,474,297,474,5.405526719
14899956,2598.42988,710,480,710,3.153804096
15107687,2575,730,590,730,3.201193416
12161360,2572.93775,260,228,260,9.799760673
12820692,2565.21943,387,247,387,5.391436636
11654011,2531.9099,454,349,454,5.408869207
11742966,2522.68998,880,612,880,2.781133855
11741856,2520.77997,956,811,956,2.587962352
12493825,2513.8499,471,290,471,4.86940543
11745163,2503.19976,392,234,392,6.079591531
11740690,2501.53998,568,488,568,4.134523801
14860296,2482.6199,429,372,429,5.158956297
11742373,2479.41999,1179,910,1179,2.154450253
13789482,2474.90993,416,324,416,5.869975877
11701521,2470.13,964,707,964,1.785734896
11834862,2460.30982,390,306,390,6.120525181
11700024,2458.02999,679,452,679,3.537940015
12018266,2439.30991,506,439,506,4.153192967
14043843,2422.95,555,433,555,4.209873418
11778592,2411.37,970,625,970,2.29
14109105,2373.04998,486,398,486,4.74625134
11745182,2371.43991,345,242,345,6.743304217
14237874,2369.68981,308,289,308,7.482532582
12493869,2367.99978,396,312,396,5.423290999
11695591,2364.66999,427,313,427,5.440452763
14861836,2359.78998,716,571,716,3.238510127
11635291,2349.87996,327,310,327,4.780989708
11948914,2341.98994,285,271,285,5.766994096
14960105,2337.85997,495,329,495,4.482989879
11825054,2327.42966,517,309,517,2.397291327
14388091,2315.28925,269,217,269,7.721026599
14390385,2308.68999,760,685,760,2.598137899
15107683,2307.85998,655,555,655,3.106885826
12785668,2296.23,792,648,792,2.22155303
11746237,2295.96,942,498,942,2.28
13056659,2286.59997,509,369,509,4.166876208
11894374,2285.89998,565,461,565,3.786962163
11746245,2271.68,979,631,979,2.29
15043196,2270.76995,580,401,580,3.5682471
11750182,2268.54994,457,395,457,5.108404371
11675026,2267.58804,230,177,230,9.590962761
11860771,2266.91994,621,421,621,3.107635949
11683922,2262.43988,359,296,359,5.984338764
11625341,2252.04,909,569,909,2.436061606
11838637,2251.23994,499,324,499,4.141021994
11660553,2243.19995,604,409,604,3.122148372
11743288,2233.3498,368,279,368,5.69940936
11617596,2232.45998,547,434,547,3.983949927
11693256,2228.55992,441,304,441,4.932622744
11728785,2221.24999,856,653,856,2.59486517
12932707,2218.12949,315,289,315,6.290528151
11659746,2215.1798,606,428,606,2.40237851
11852072,2213.62999,644,578,644,2.988460339
12734565,2213.29992,475,358,475,4.526803713
11678806,2201.9381,234,224,234,8.70985013
12861735,2200.98995,567,355,567,3.533576102
14340510,2200.80994,553,299,553,3.584966813
11621883,2181.77991,460,380,460,4.012456462
11683917,2179.35992,355,305,355,5.780244718
11745088,2164.91985,364,283,364,5.757355165
11610108,2164.68808,224,189,224,9.544738571
11698053,2163.199,255,242,255,8.306662922
15107685,2161.9,652,549,652,3.10952381
12466640,2159.99784,226,163,226,9.552459583
12788644,2144.29993,278,210,278,7.608784477
11972270,2133.83997,572,276,572,3.273645092
11659753,2121.79984,521,367,521,2.810062689
15016567,2114.47987,361,302,361,5.619064639
11855813,2110.79987,333,254,333,6.143543348
11703843,2105.05995,301,279,301,6.928216953
14383206,2103.92999,943,726,943,2.241766912
11609045,2101.9299,440,353,440,4.810772635
15065937,2090.77991,359,313,359,5.355895922
11746226,2077.08,869,503,869,2.28
11620838,2072.23999,513,400,513,3.92146848
11687029,2069.31861,207,144,207,9.803471739
11738366,2069.25903,244,209,244,6.51191707
11702795,2060.79994,507,451,507,3.355493057
11746171,2058.33991,492,245,492,3.878123247
11698917,2055.5298,411,346,411,4.124036374
11739434,2050.32,462,414,462,4.386963124
11743836,2041.51998,1673,1255,1673,1.218852844
11703689,2033.3197,426,376,426,3.214952876
11742256,2026.68,1478,1169,1478,1.297966457
11743676,2024.53,544,475,544,3.63354473
11697893,2020.79,507,380,507,3.878339921
11701295,2019.49994,686,331,686,2.541839396
11697904,2015.34,694,550,694,2.703290043
13789458,2012.65995,337,282,337,5.868486573
11659752,2012.34987,506,359,506,2.801401139
11942634,2011.49991,360,267,360,5.470751971
11901473,2011.31991,279,223,279,7.098627996
14388197,2007.26861,214,187,214,8.819012757
11746250,1999.78,470,399,470,4.236481876
11838811,1986.97,1051,672,1051,1.63
11746234,1986.44985,350,136,350,5.4565236
11742703,1983.05975,299,216,299,6.531972508
12741292,1981.56996,247,198,247,7.941578866
11646189,1972.23997,548,423,548,3.318515804
11727614,1971.37999,531,357,531,3.489704953
12788254,1969.7,496,418,496,3.636710526
11700004,1966.51997,608,377,608,2.883201295
11722719,1956.77995,808,604,808,1.727362902
12889459,1952.16,710,478,710,2.49
11748787,1951.47992,518,428,518,2.858526349
11684798,1950.17,604,264,604,3.034701987
11666588,1944.84988,376,337,376,4.198718886
13797915,1935.19998,465,350,465,3.982679588
11741054,1928.97997,452,389,452,3.618871665
11673434,1926.72916,193,171,193,9.178279206
11609331,1924.41,618,471,618,2.873533225
11620208,1922.31998,353,288,353,5.162861176
11702677,1912.7992,237,225,237,6.492644262
11698925,1911.51976,333,253,333,4.791075755
11744267,1901.32977,284,163,284,6.315427958
11699067,1892.22891,209,201,209,8.405136316
11740841,1887.56986,434,359,434,4.431992554
11741424,1886.31,733,587,733,2.59473029
11698066,1882.01978,335,292,335,4.789310642
11746240,1879.6996,310,120,310,5.407633774
12548115,1875.59,432,408,432,4.251574074
11742590,1854.07991,425,322,425,4.452628178
11699016,1851.04983,499,351,499,2.541689447
11712769,1847.61999,480,252,480,3.689256938
11658157,1847.52,521,419,521,3.311560694
11659744,1845.0199,498,379,498,2.568740156
11732656,1843.24938,237,108,237,6.289380025
14370456,1842.21993,470,310,470,3.653730452
11600534,1840.84998,472,455,472,3.06517412
14027227,1836.73999,552,503,552,2.657019924
11746135,1835.96,572,358,572,3.16
13789486,1830.09988,302,231,302,5.861258079
11653583,1826.06998,459,263,459,3.817104289
12932823,1825.4986,191,180,191,6.846303966
15016570,1824.9099,314,275,314,5.549235533
11900781,1822.14,1086,292,1086,1.468634454
14417263,1818.94923,182,133,182,9.792761538
11698026,1816.48995,439,369,439,3.993411941
11653805,1816.06991,202,184,202,8.759422228
11632407,1805.57999,439,358,439,3.900728924
14082848,1803.43973,284,176,284,5.868919718
11698970,1801.59981,315,260,315,4.913338341
11740615,1796.57999,543,444,543,3.295364774
11753850,1790.06986,645,420,645,1.96360764
12906969,1785.10947,245,153,245,6.197296636
11673146,1779.6699,303,155,303,5.682079069
11746247,1777.89,612,396,612,2.85880719
11699633,1776.68987,291,238,291,5.824925326
11616746,1775.79999,369,248,369,4.645009049
11752725,1775.21991,667,447,667,1.937378613
13902587,1766.3,527,461,527,2.428526984
12176852,1759.86957,225,208,225,7.246131978
13881109,1759.86,426,316,426,4.054788732
12822429,1750.71999,478,376,478,3.258340303
11741268,1750.15998,438,304,438,3.848987808
11653998,1742.66995,312,231,312,5.417083253
11985424,1740.97987,266,210,266,6.315018632
11740793,1739.96,770,506,770,2.269229765
11743793,1731.38,1167,848,1167,1.49
11740752,1722.66999,376,335,376,4.362952119
11741277,1715.05999,429,285,429,3.839867593
11746295,1714.56,713,426,713,2.28
11620659,1712.54995,665,480,665,2.168250605
11832825,1706.68958,227,196,227,6.897546388
14383637,1701.44,504,409,504,3.361769384
15232272,1700.62988,595,416,595,1.796096919
12159371,1699.74999,426,319,426,3.498376362
11740890,1699.38,657,414,657,2.587963247
11746288,1694.36999,416,196,416,3.888661851
13789509,1694.2599,284,214,284,5.789647711
11744934,1676.77938,249,182,249,4.604256077
11683930,1673.23991,274,245,274,5.690522965
11738375,1672.86845,171,163,171,9.6345205
12175836,1665.30996,382,244,382,4.060698051
11666106,1658.0499,205,199,205,7.892926537
11602996,1653.45951,284,216,284,5.866403968
14909815,1651.59984,364,332,364,3.227069502
11902874,1651.46996,516,399,516,3.17394167
11746118,1637.5,621,434,621,2.62
12187916,1636.66995,409,323,409,3.423472188
12218996,1636.64991,244,207,244,6.508518566
11664753,1631.84849,166,131,166,9.770171687
15060914,1629.97995,378,325,378,3.944938248
15231453,1622.51995,611,441,611,1.793413079
15120278,1616.91,1214,955,1214,1.255594059
11741832,1614.44,802,603,802,2.104588773
11702691,1612.90954,276,268,276,4.436607802
11606563,1603.8,354,317,354,4.331836158
11674083,1598.74891,197,170,197,5.905690127
11670544,1597.46991,340,222,340,4.274578332
15065747,1595.61997,307,247,307,4.904755668
11698912,1592.66985,326,265,326,3.729478318
12819975,1587.41994,301,214,301,4.560243571
12518569,1575.48991,483,436,483,3.077784669
11872776,1567.70999,338,228,338,4.455971391
14941740,1567.69,473,339,473,3.088407643
12506365,1565.27994,622,517,622,1.445715044
11698078,1564.49989,328,270,328,4.149649256
12928446,1561.87,332,247,332,4.334214502
11749549,1560.1586,171,166,171,5.914965485
11687104,1559.23995,341,276,341,4.034134853
11954856,1559.13997,343,263,343,3.98182699
11979338,1558.60997,358,299,358,4.115546181
15016568,1557.42991,261,190,261,5.679999847
12820704,1555.92961,230,152,230,5.364978643
14211510,1555.11973,236,173,236,5.915712631
11698087,1551.27916,182,176,182,8.368080249
11667865,1550.24971,198,163,198,6.921598649
12889460,1548.89997,561,379,561,2.486191316
13778460,1547.1,528,369,528,2.86338403
11702389,1546.81,568,345,568,2.731752212
12231004,1542.80991,236,194,236,6.565753435
15043137,1542.66999,402,269,402,3.545580423
12577750,1539.99846,154,107,154,9.82683
14237875,1538.95996,219,198,219,4.878104954
11744114,1536.22998,458,371,458,3.193438854
11600770,1531.94999,376,345,376,3.673307367
11671427,1531.80999,535,489,535,2.668067538
15075612,1529.99847,153,152,153,9.836591471
13789470,1529.43998,258,175,258,5.889302287
11872780,1524.58998,323,227,323,4.538152717
11742279,1515.82999,420,253,420,3.522920631
15107681,1509.62,500,435,500,2.78395
11698997,1506.20946,216,207,216,5.94171263
12516261,1505.88994,284,172,284,4.621666602
11668189,1504.02995,299,235,299,4.840468144
11625422,1501.88999,318,197,318,4.535796635
13902069,1496.8098,238,176,238,5.840979979
12218998,1494.94985,220,165,220,6.405075466
11645980,1484.35,307,222,307,4.636416938
11744851,1483.85998,546,415,546,2.553168491
11658141,1483.19998,414,321,414,3.309808977
11625340,1482.93,592,366,592,2.440439932
11656156,1481.32997,394,354,394,3.49028763
14294422,1479.55896,149,139,149,7.480130625
11744907,1477.51985,316,266,316,4.722631184
11634177,1477.38999,349,288,349,4.064262443
12231805,1474.84,397,322,397,3.548080808
14211506,1473.8697,223,172,223,5.946105336
11603747,1473.73995,345,170,345,3.879516862
11748962,1469.35917,147,120,147,9.859586327
12932637,1464.46995,286,256,286,4.803086796
11842327,1459.99854,146,122,146,9.828757295
11645958,1459.60999,374,227,374,3.452415321
11744485,1459.2,464,406,464,3.047112069
11927581,1458.11996,182,172,182,5.912225206
11742323,1457.99997,489,251,489,2.548463099
11746132,1457.48,463,339,463,3.063974082
13019940,1455.42999,501,260,501,2.304822996
14856670,1447.69995,249,234,249,5.411432319
12788388,1446.89998,670,550,670,1.364970056
11746969,1446.70987,239,191,239,5.70063
11832845,1443.33993,263,200,263,5.015944113
6573909,1441.95,597,399,597,2.215999442
11749553,1441.50885,184,183,184,4.716925774
12788248,1438.53987,212,175,212,6.575923863
11633466,1432.53985,162,145,162,8.664844022
12787255,1431.98996,361,288,361,3.469335152
11742226,1426.88,860,677,860,1.696926771
12807633,1425.65,409,304,409,3.112713936
11667050,1424.87,398,305,398,3.446281407
11681485,1422.60999,523,390,523,2.730319139
11664535,1420.43999,468,382,468,2.780619654
13870748,1420.30971,187,181,187,7.064936591
11603748,1418.24992,284,178,284,4.503804382
14340230,1416.83954,183,131,183,6.366266061
13797803,1415.13994,283,187,283,4.798916281
11746244,1414.56999,302,200,302,4.51544149
11620191,1413.33994,262,207,262,5.041755658
11683854,1411.4,257,210,257,5.433579767
11741819,1409.88996,420,391,420,3.033007306
14196408,1408.10998,298,217,298,4.475589209
11625338,1402.59998,157,90,157,8.870063631
14410881,1400.02978,219,141,219,5.875326758
14433486,1399.15944,140,136,140,9.69637725
11605030,1397.43999,504,421,504,2.774103566
11697155,1389.82878,139,99,139,9.728984299
13767671,1389.50997,463,246,463,2.311997827
14460576,1388.31969,193,148,193,6.198323748
14899958,1386.84,408,327,408,3.04980344
11609321,1380.98862,139,113,139,8.981933471
14502888,1374.48997,317,278,317,3.71191375
11746122,1373.70999,326,201,326,3.923057255
11654387,1369.10985,218,161,218,5.48048133
12222161,1368.48991,213,184,213,6.302333119
11894373,1368.21999,280,178,280,4.693749991
11703696,1367.83998,382,314,382,3.291706025
11746123,1365.66,312,197,312,4.091923077
11636950,1360.14993,202,135,202,6.560148342
11741072,1358.88998,377,277,377,3.273510153
11727459,1351.29999,469,360,469,2.599978673
11686438,1350.60993,322,213,322,3.766097236
14905342,1350,276,198,276,4.500869565
11645956,1349.85,365,244,365,3.460410959
11742054,1348.75996,359,290,359,3.757528178
11696755,1348.06999,330,262,330,3.89457575
11658147,1346.49997,369,316,369,3.310252913
11660916,1341.91995,386,319,386,3.125954824
11621874,1335.03994,384,342,384,2.583802038
11646279,1334.21995,349,166,349,3.473524324
11699047,1330.97888,137,86,137,9.532692737
11695981,1330.5299,314,286,314,3.543694193
11746133,1330.45,450,336,450,2.95
13789484,1328.78998,223,160,223,5.913856457
11638717,1328.34995,262,161,262,4.984099531
11823783,1327.34,290,237,290,4.267310345
13881110,1325.04,321,241,321,4.064766355
13870746,1323.89874,133,123,133,9.653374286
11670831,1321.90987,412,354,412,1.245485482
11604867,1321.01998,483,387,483,2.432774319
11746289,1318.71999,554,341,554,2.278463123
13999722,1314.79985,202,189,202,6.092293379
11668166,1311.10996,742,584,742,0.830554802
11617940,1308.40999,1014,701,1014,0.852690027
11632675,1308.37999,318,254,318,3.936677138
11669426,1307.60999,276,228,276,4.478785971
14565147,1307.51907,172,157,172,6.075693794
11696034,1306.46,639,545,639,1.381455399
11826631,1305.84996,665,456,665,1.069478692
14433430,1303.6099,163,154,163,7.690858589
14916327,1298.97999,300,225,300,4.25037903
13009825,1294.99995,264,175,264,4.560278776
11697782,1290.84996,277,214,277,4.549082065
12856683,1284.73984,231,132,231,4.965439805
11600729,1278.4,341,319,341,3.43125
11747325,1274.84991,213,149,213,5.488857406
11602724,1274.76,380,265,380,3.299526316
11712706,1271.38995,320,192,320,3.681797234
11674733,1270.96999,376,303,376,3.12239361
12787616,1269.45995,208,190,208,5.950977452
11696721,1269.39997,213,158,213,5.881377089
13009827,1267.94996,209,157,209,5.971052536
11668122,1267.71995,647,483,647,0.819623901
14509227,1266.39,371,281,371,3.255810811
11750806,1264.63963,174,169,174,7.165547139
11952131,1263.80984,305,223,305,4.224194111
11695594,1263.41998,329,232,329,3.677193495
15077003,1262.47,250,188,250,4.99
11746252,1256.73999,443,358,443,2.745452484
11731713,1256.06996,271,189,271,4.160504253
15164885,1251.66994,139,123,139,8.78899259
15031051,1251.14954,131,99,131,9.143635573
14345311,1251.08999,308,247,308,3.862110381
11662923,1249.99875,138,102,138,8.527991472
11659754,1243.54996,350,307,350,2.542351513
11669491,1239.21991,259,202,259,4.465894315
11954858,1232.90999,277,212,277,3.99725631
13789564,1231.69,411,297,411,2.86080292
14899957,1231.67998,339,212,339,3.180712151
11629508,1231.42911,146,63,146,4.77691537
11638741,1230.87,313,251,313,3.919519231
11679025,1227.78,453,261,453,2.656887417
12204712,1225.08983,197,174,197,5.250002133
15164983,1224.48999,188,181,188,5.877712739
11751082,1224.12,329,189,329,3.686666667
14878470,1221.42994,279,240,279,3.530077883
14071334,1221.05999,349,297,349,3.331289391
11741780,1217.64,977,698,977,1.25524302
11744852,1217.52997,429,331,429,2.548106696
11624139,1211.60998,327,273,327,3.521247423
11639535,1211.43,301,254,301,3.946810631
12795293,1210.47,349,251,349,3.43683908
11737691,1210.46,355,257,355,3.41917847
11703590,1209.86996,304,200,304,3.593958289
12788455,1208.7,492,435,492,2.310121951
11675084,1206.57999,332,226,332,3.054078542
11659749,1206.29995,359,245,359,2.624436641
14249657,1204.27997,292,233,292,3.616061618
11646126,1203.03999,237,162,237,4.84587903
13798064,1200.83976,146,113,146,8.040274448
12788285,1198.29,294,243,294,3.985578231
13797799,1197.51999,390,258,390,2.894880335
11635881,1196.26996,240,189,240,4.572701344
11746374,1196.19972,209,89,209,5.053587847
11630774,1193.47,249,194,249,4.715806452
11698101,1190.67911,124,113,124,9.55836687
14875969,1189.27953,119,107,119,9.804870189
11746211,1189.13998,258,190,258,4.08090437
13778464,1189.11999,392,279,392,2.888494892
14388098,1185.7799,174,146,174,6.344980575
11701218,1183.69,348,286,348,3.268189655
11842629,1181.63995,365,241,365,2.514318393
11642866,1179.85999,376,327,376,2.921276589
12493826,1179.00989,214,128,214,4.855617934
14071333,1177.75,336,285,336,3.373779762
11606412,1177.64,209,169,209,4.99
14502892,1177.38997,258,219,258,3.927545184
11746205,1177.27999,491,418,491,2.200257974
11681161,1176.53,422,349,422,2.613230404
13043424,1175.39,261,192,261,4.43743295
11914170,1174.59998,321,272,321,3.163156234
11697886,1173.63954,150,116,150,7.599663733
11733243,1170.75982,145,104,145,7.581642588
11624136,1169.82994,306,250,306,3.48040844
12516262,1168.51997,219,151,219,4.567001484
15145963,1166.78907,121,109,121,8.871535785
11972326,1165.60996,342,211,342,2.916500943
11659750,1163.07997,372,271,372,2.593691741
14878485,1162.66998,271,260,271,3.569944633
13870755,1161.42888,118,110,118,9.798537564
14382972,1161.40938,140,108,140,7.450769929
12719231,1160.55999,145,126,145,7.969379276
14405312,1160.14,228,179,228,4.915438596
11655637,1157.07,288,219,288,3.948333333
14117276,1157.04998,314,238,314,3.304580629
11740766,1157.02999,467,303,467,2.47560605
14115938,1155.52997,173,149,173,6.540462341
11741359,1155.12997,191,187,191,5.969266937
11633642,1154.85993,219,177,219,5.069831651
11640975,1153.20962,179,102,179,6.386645978
11733397,1150.92989,189,153,189,4.96221609
11746306,1150.91,247,145,247,4.447489879
14993547,1149.99997,297,224,297,2.499999975
14101793,1148.39997,163,100,163,6.953374141
11620244,1145.85995,206,157,206,5.077621286
12156017,1144.18903,116,102,116,9.590710302
11684344,1143.94996,159,111,159,7.058385629
11735355,1143.34999,259,229,259,4.263661407
14199102,1142.16993,189,144,189,5.818412526
11738371,1141.78933,135,121,135,6.582416444
11750878,1140,198,190,198,5.707171717
11697144,1139.83902,114,94,114,9.896248816
11823785,1137.72,252,209,252,4.06922619
14198077,1137.54996,226,208,226,4.688251789
12822423,1137.05,336,269,336,3.221011905
14341397,1136.74,282,249,282,3.894252669
11695806,1136.45994,161,101,161,6.915374813
11619276,1135.15,278,201,278,3.982805755
14065749,1134.35999,367,196,367,2.743024516
11699074,1133.20991,268,220,268,3.268538466
11749882,1132.78997,208,167,208,4.966105721
13903414,1132.46997,228,223,228,4.405336206
11619162,1131.30985,144,111,144,7.323911528
11914479,1128.66996,288,234,288,3.12450635
12788253,1121.32,293,229,293,3.561917808
15145970,1121.15897,116,103,116,9.48833913
11737695,1120.28,319,208,319,3.425893417
11684197,1119.99988,171,145,171,6.113566901
11697159,1119.879,112,68,112,9.530170112
11696638,1119.57966,177,69,177,5.385870256
11670852,1116.76982,355,308,355,1.276828925
12482284,1116.51986,159,113,159,6.833458428
11740898,1115.28,467,342,467,2.394535637
14561037,1115.07995,321,253,321,3.47048728
11745187,1115.05995,199,152,199,5.477688317
12888333,1114.90994,257,159,257,4.039779446
14511014,1113.04982,163,142,163,6.237525049
11721025,1112.64993,159,148,159,6.767190566
12187229,1111.15998,264,201,264,3.916350985
11667876,1107.32905,112,106,112,9.886866518
11607519,1106.34999,232,182,232,4.526997112
11738294,1105.77,124,106,124,8.99
11670855,1104.12976,204,169,204,2.841176176
11699716,1103.68,226,173,226,4.762123894
11639439,1103.21999,276,237,276,3.929649746
13881108,1100.1,263,200,263,4.073269962
13870750,1099.98991,217,199,217,4.130495204
11732181,1099.21,264,144,264,3.83
11668184,1097.30997,220,171,220,4.704227205
12857904,1096.76998,175,132,175,6.200590429
14273893,1096.49995,193,158,193,5.22860092
15016564,1095.12998,186,150,186,5.753548333
11688229,1094.71,297,202,297,3.336801347
11679791,1094.30999,234,190,234,4.266559818
11599256,1093.30998,222,175,222,4.522790317
11654240,1092.03984,112,64,112,9.006308839
11623972,1091.28992,325,232,325,2.575928148
11664523,1090.81904,116,107,116,9.322974281
11602750,1090.67995,233,152,233,4.681029828
11823786,1087.82,248,192,248,3.896760753
11751043,1085.70999,642,260,642,1.652357848
15066034,1085.61998,214,186,214,4.887433451
15080720,1085.12997,185,163,185,5.508126054
12139270,1084.23998,289,246,289,3.273806211
14363228,1082.46999,301,186,301,3.099656689
12148130,1081.13,349,295,349,2.773017241
11677605,1080.10949,136,117,136,7.141381783
11738330,1077.6,240,176,240,4.49
11744126,1075.78,235,191,235,4.443504274
11643403,1073.11999,376,350,376,2.639973398
11954857,1070.39998,248,201,248,4.037795675
11697152,1069.93899,108,79,108,9.859243037
11738361,1069.50964,144,125,144,6.772220313
11699189,1068.57998,353,277,353,2.60548294
11669497,1065.62998,288,238,288,3.172984878
12833771,1060.51996,219,163,219,4.107762517
11743943,1051.69994,217,180,217,4.424992203
12191531,1050.99988,263,168,263,3.923930889
12787808,1050.19999,198,137,198,4.957727247
11602869,1049.99895,105,101,105,9.809514
11699190,1046.01,358,276,358,2.600167598
14565146,1045.59928,128,122,128,7.192182852
12742755,1044.79998,345,258,345,2.774941846
11733929,1042.93985,121,85,121,7.95818124
13902669,1042.42995,163,157,163,6.264999861
12793308,1041.39,237,205,237,3.99
11741762,1040.85999,387,281,387,2.487816088
11666585,1040.68997,214,182,214,4.383232044
14964171,1039.99994,108,76,108,9.439252056
11621670,1039.06999,299,266,299,3.185462642
12819977,1038.73999,249,159,249,3.708915653
12635913,1038.14,1840,1421,1840,0.561035889
12734559,1038.10963,183,154,183,5.464750879
11659117,1037.61972,166,69,166,5.387268253
12705027,1037.23994,207,175,207,4.37019598
11636454,1037.18,230,163,230,4.470434783
12184448,1036.66979,144,99,144,6.435207639
11738373,1033.99932,116,102,116,7.715584375
11618796,1033.10997,237,178,237,4.204613165
12787020,1032.96984,159,110,159,5.98303934
11698155,1032.88956,141,119,141,5.610183124
11951732,1032.28,122,97,122,8.461311475
11658144,1030.45,292,230,292,3.323869863
11639532,1028.88,256,227,256,3.925546875
14197620,1028.54989,156,145,156,6.173397151
15145967,1028.17904,105,89,105,9.363610333
12572037,1027.69999,215,172,215,4.61777257
11624657,1027.09,262,145,262,3.79
11602745,1025.98995,267,153,267,3.146616676
15146223,1023.64916,107,94,107,9.180179416
11839867,1023.36999,301,237,301,3.23754152
11685514,1022.80998,535,435,535,1.107677898
11743040,1021.4,199,152,199,4.874422111
11729532,1021.18994,278,192,278,2.935731371
11697156,1019.84913,102,66,102,9.728913309
14198897,1019.10988,151,137,151,6.351721457
11668136,1017.92998,640,518,640,0.785124999
14085502,1017.08997,183,159,183,5.372762376
11951698,1016.78,370,305,370,2.665135135
11666103,1016.23999,176,170,176,5.717329517
11687939,1015.93996,170,123,170,5.858470471
11745487,1014.32996,250,180,250,3.63135996
15082119,1014.29998,263,231,263,3.673956718
11781795,1011.98991,150,60,150,6.41882195
13789460,1011.96998,105,95,105,9.542571333
11739408,1011.76999,217,142,217,4.512319493
11743317,1010.54,240,191,240,4.179
14513086,1007.74,287,218,287,3.254355401
13894805,1007.53997,149,128,149,6.661342181
13870744,1005.8293,106,98,106,9.317422167
14106215,1004.55993,151,121,151,6.409889404
14502890,1003.89997,237,213,237,3.796202489
12159328,1003.00993,236,190,236,2.320057172
11741918,1002.86,213,189,213,4.684711538
15164984,1002.0099,157,151,157,6.031910541
11675334,999.999,100,93,100,9.84999015
14230610,999.74,413,350,413,2.066407767
11659748,999.22997,322,273,322,2.356330203
13035032,998.98,100,84,100,9.9898
14555763,998.81999,301,254,301,3.108527126
11661100,998.10997,142,119,142,6.923309754
14492863,998.00996,306,247,306,2.723986895
14340236,996.69975,118,94,118,7.860895919
15016571,996.32995,170,152,170,5.654999853
13902590,993.45994,206,178,206,4.668899539
14300410,993.39,314,148,314,2.590366242
12751400,993.28,259,190,259,3.717837838
11615002,992.4,671,544,671,1.416378539
14543018,991.21996,173,144,173,5.35631974
11619282,990.02998,262,177,262,3.502926183
11697161,989.83917,99,73,99,9.543830455
13904245,988.44,401,200,401,2.448703242
12787839,987.23,257,189,257,3.708677043
14410882,986.46993,160,100,160,5.936270625
11671925,983.2591,100,82,100,9.207591625
12165849,981.41996,274,238,274,2.512287071
11742286,979.49999,224,155,224,4.287336295
11731766,978.99,299,247,299,3.073545151
12252854,978.64998,227,148,227,3.808598794
11742606,977.96973,166,124,166,5.79098241
11708570,977.79995,335,255,335,2.455885544
11692145,976.87991,167,149,167,5.484550629
12906967,976.51977,139,101,139,6.179999191
11742920,975.94998,186,136,186,4.983145108
11652266,972.97,238,203,238,3.84443038
11670364,970.97984,118,59,118,7.522428729
11695992,970.49996,391,351,391,1.604083535
11599899,969.99,634,501,634,1.49
11635289,968.88993,255,245,255,2.456603859
11624135,967.25998,265,234,265,3.456742113
11711358,965.24994,221,179,221,3.283634925
11751556,964.53991,157,135,157,5.92263242
11688840,962.58,122,104,122,7.89
11742236,960.41,562,366,562,1.762454044
11873427,959.99904,96,91,96,9.895823438
11685458,959.67984,138,87,138,6.362414891
15082470,959.39,254,211,254,3.681699605
11738327,958.40998,215,173,215,4.457749316
11698574,955.95992,162,134,162,5.654073827
15143998,954.75996,180,156,180,5.159916569
11753870,954.26999,399,307,399,1.97972571
12518487,954.21996,241,233,241,3.968368948
12889496,953.9,319,235,319,2.590880503
11842626,953.84991,273,220,273,2.527519188
12845246,953.06994,201,163,201,3.767462602
12734557,952.8998,189,133,189,4.941004286
13039552,952.31,314,260,314,2.98522293
14065552,950.6793,98,87,98,9.347493163
11699156,949.77925,101,80,101,8.543359678
11671265,949.04982,113,103,113,7.474735951
11602709,948.99994,188,141,188,5.047872021
12785613,947.98989,225,172,225,3.063504644
14941604,946.38999,279,226,279,3.048345315
11743286,942.26998,125,100,125,7.45815992
12787878,941.37,234,162,234,3.714786325
14000440,940.62988,149,112,149,5.899082383
11748194,940.47997,155,147,155,5.960085935
12788658,939.14998,232,207,232,3.897413772
11669494,937.38998,251,206,251,3.264116843
11658016,937.24997,169,142,169,5.16670605
11699918,936.64999,211,165,211,4.298619038
11676167,935.14993,166,111,166,5.041064066
13043422,934.95999,194,117,194,4.674398608
11815094,933.98998,265,185,265,3.140075741
12932827,933.48986,148,125,148,5.707409459
11745697,933.16998,171,67,171,4.965750453
14565142,932.96992,219,137,219,3.636027283
11743304,932.09,355,259,355,2.618954802
13998381,931.93998,108,81,108,8.521049306
11620882,931.61999,357,250,357,2.063576092
12847369,930.41997,390,311,390,1.604702678
11753853,929.88995,334,200,334,1.88414669
14369087,929.64985,117,97,117,7.323648793
15162405,929.43963,94,91,94,9.725157581
11746207,928.99,388,319,388,2.209639175
11636956,925.74997,138,67,138,6.599637572
12193406,925,100,87,100,9.25
11740365,924.20999,491,416,491,1.931418046
14538273,921.35993,183,155,183,3.951220287
11658787,920.82995,164,125,164,5.208800671
11702704,920.76996,228,218,228,3.430255789
11645275,915.84981,117,94,117,7.137825261
12788377,915.19994,142,132,142,6.47205864
11746307,914.26,352,256,352,2.582613636
11604872,914.07,365,294,365,2.449615385
11842484,913.32997,200,131,200,4.050316625
11599734,912.31998,223,198,223,3.382017915
11694152,909.29,491,397,491,1.037800407
14856710,908.86996,158,133,158,5.329171895
11692493,908.27983,336,155,336,1.273260539
14476452,906.90996,208,151,208,3.858381358
14101795,906.88998,113,79,113,7.937079558
11746308,906.87994,166,102,166,5.229517892
13017166,906.65927,92,86,92,9.148471033
11666765,905.13997,210,191,210,4.043952333
11746298,903.75999,361,212,361,2.279224371
12810584,902.44996,200,173,200,4.1794166
14383199,899.18,407,346,407,2.226125
11666111,898.94994,111,106,111,7.963513108
14230616,898.19998,293,216,293,2.622918091
11672511,896.76,281,245,281,3.130498221
12932341,895.83929,92,73,92,9.628688043
12787781,895.17976,106,102,106,8.162073491
11752719,894.97994,304,167,304,1.983330574
11635063,894.89998,112,83,112,7.900892768
11706967,894.8899,121,104,121,6.927465207
11600616,893.21,178,170,178,3.989180791
11618388,890.81999,174,147,174,4.95902296
11666822,890.76997,202,175,202,3.911765631
11738540,890.54999,285,198,285,2.983017535
11714016,889.99911,89,88,89,9.868903989
13008898,888.28986,188,132,188,4.70696734
11727689,886.39,288,240,288,2.758611111
11692505,885.81993,450,216,450,1.278337347
11696693,885.02,495,418,495,1.342929293
11703784,884.58999,263,214,263,3.111545794
11779049,883.84992,123,81,123,6.86056878
11638489,883.37996,116,101,116,7.442930862
14414610,882.84993,214,174,214,3.75841184
11672123,882.54999,194,174,194,4.473728505
11743146,882.39994,158,119,158,5.117521202
11685275,882.38997,305,217,305,2.829780641
11746258,881.03,308,241,308,2.790649351
12620348,879.32979,88,61,88,9.537838977
11688224,879.02996,237,149,237,3.386089968
11692482,878.87994,285,123,285,1.322038962
11652149,876.85997,254,198,254,2.759015719
11741343,875.3,480,299,480,1.947040359
11665955,875.14997,194,163,194,4.145472466
15164986,873.95994,137,134,137,5.799705717
14345281,872.74998,218,168,218,3.768425046
11633644,871.40992,160,138,160,4.955911745
11843221,871.29999,201,170,201,3.966832488
11599322,871.23999,128,113,128,6.820787362
12139215,870.43997,232,192,232,3.290416627
13043426,870.2,176,130,176,4.771363636
11668496,867.78995,174,145,174,4.726637802
11746210,866.73998,182,141,182,4.087962019
11731568,865.69999,175,125,175,4.484533314
15092725,865.65944,90,78,90,9.173994222
11632672,865.15999,214,178,214,3.825560724
11748958,864.73999,129,113,129,6.765271279
11616781,862.41984,154,66,154,5.059003831
11702685,862.20944,93,82,93,9.163542473
11599318,861.28997,124,114,124,6.824919234
11706008,861.18988,141,124,141,5.639786809
11731983,860.53991,171,138,171,4.42371309
15057148,859.95995,188,158,188,3.959237513
11734491,857.9,333,230,333,2.660481366
11698097,857.69996,204,178,204,3.398419011
11903580,855.86997,195,125,195,4.055794821
14332413,855.32998,154,125,154,5.158181753
11776361,855.14997,309,244,309,1.222621347
14230617,853.14998,285,234,285,2.582756171
12827506,851.83996,199,128,199,3.747777715
13798062,851.30999,254,194,254,3.137565607
11746209,851.16999,184,160,184,4.143606544
12880464,850.80995,126,96,126,6.554047421
11654394,850.73997,137,114,137,5.692116679
11604260,849.99915,85,46,85,9.186265324
14941602,849.97997,236,138,236,3.215722425
11745096,849.16998,85,68,85,9.872588118
14239091,847.54998,260,204,260,2.63892306
14502889,847.34997,206,193,206,3.620339757
11656149,847.20999,172,113,172,4.667383706
11627622,846.50943,97,83,97,6.691072578
13009828,845.88993,118,81,118,6.843700297
11693248,845.87991,121,82,121,6.618842603
11672403,845.46998,199,148,199,3.783467312
12786632,845.28998,207,174,207,3.745330085
12936587,843.79997,282,240,282,2.575744659
11706011,843.62994,146,125,146,5.68972007
11601351,843.37996,139,112,139,5.650719302
11686808,842.85999,265,192,265,2.840247377
11852045,842.6,197,160,197,3.398680203
11670825,841.09986,169,137,169,2.777396228
11751035,840.84,196,120,196,4.29
14147445,839.79932,89,68,89,9.221204716
12541518,838.49998,231,189,231,3.27507934
11820857,838.32999,263,211,263,3.161176832
11633395,836.45,152,144,152,5.404473684
11781797,836.31987,121,70,121,6.360770826
11744071,836.24,277,241,277,3.018916968
11741400,835.84925,87,87,87,9.280221523
11740756,835.83999,639,359,639,1.092225704
11599608,835.6999,140,125,140,5.588333
11744488,835.34999,255,209,255,3.116509799
11859559,835.06997,178,127,178,4.340617921
11743330,834.0695,93,77,93,8.860962473
12203573,832.48,231,161,231,3.316839827
15243485,831.28994,192,134,192,3.456458258
11698114,830.82985,194,135,194,2.735685285
11680578,830.75999,228,204,228,3.506049912
11633440,827.16988,95,79,95,8.575472553
11682613,825.76,221,175,221,3.685927602
11730371,825.73,218,162,218,3.63516129
12514048,825.28996,125,84,125,6.44231984
11823127,825.23999,161,145,161,4.628778447
12845245,825.23997,180,151,180,3.673726794
15173095,825.09997,93,74,93,8.632027567
11648792,824.91993,115,95,115,6.868869261
11697787,823.6698,113,104,113,6.404158407
12807631,822.79998,230,154,230,3.344536207
11692150,822.02998,191,183,191,4.053804516
13902573,821.63996,498,400,498,0.741137881
11615500,821.07994,212,142,212,3.555220059
11688227,820.09998,225,141,225,3.333051822
11679917,819.67994,234,146,234,3.442307436
11647856,819.24997,305,265,305,1.678760956
14543013,817.76987,134,97,134,5.466094123
11701327,817.47,279,221,279,2.54
14383201,816.62999,363,300,363,2.259719874
11645960,814.36,228,146,228,3.476403509
11642926,813.92985,219,168,219,1.697016669
13881111,813.9,199,150,199,4.069899497
11600618,813.37,162,148,162,4.974208861
11823784,813.37,177,131,177,4.36625
12541519,812.59998,225,193,225,3.2960148
14389592,812.08995,174,155,174,3.633840905
13881129,812.05931,84,73,84,9.607848988
12785669,811.88,280,231,280,2.72781362
11743728,810.83998,211,182,211,3.67583745
14389774,810.73997,187,122,187,3.729607794
14509229,810.56999,233,192,233,3.243690976
12802538,810.46993,155,101,155,4.550850839
14122149,809.89,255,244,255,3.10372549
13035028,809.86998,115,88,115,6.955391217
11681602,809.27996,344,304,344,1.464331379
12240071,809.25999,213,183,213,3.564732689
11700428,808.91947,93,83,93,8.698058817
12721707,808.83993,123,107,123,6.253441488
14899961,808.23998,249,198,249,3.074337329
11672585,807.84996,241,189,241,2.795573954
12788648,806.99,101,75,101,7.99
11636673,806.69,234,176,234,3.421837607
11634020,806.05,187,158,187,4.230107527
11656327,805.84992,156,132,156,4.389016923
11749351,805.65997,137,132,137,5.764730294
12928399,805.6,636,500,636,0.921816746
13797793,805.45,191,144,191,3.893691099
11781796,805.34988,117,62,117,6.334899808
15267904,805.20999,172,141,172,4.439670523
14861196,804.9898,121,61,121,5.764379401
11727535,804.12999,256,217,256,2.842617178
11635308,803.38,202,144,202,3.788267327
11605212,803.14,189,170,189,4.309148936
11705217,801.52985,102,70,102,7.049313064
11749809,801.5,189,125,189,4.007460317
11881060,800.57999,262,173,262,3.009122118
12787144,798.95998,106,89,106,7.427295519
12532087,798.33,258,252,258,2.99
11840470,798,198,183,198,3.99
14541743,798,194,133,194,3.99
14339471,797.87,192,96,192,3.522395833
11668007,797.6399,234,179,234,2.38765422
14327187,796.64953,82,68,82,8.871743079
11607217,796.06,211,196,211,3.721904762
13776051,794.88999,165,120,165,4.586626242
15219670,794.14996,202,165,202,3.283641269
14899959,793.95,232,181,232,3.098146552
11667435,793.79996,149,110,149,4.21706927
12842246,793.74993,132,112,132,5.748105795
11633959,793.37999,252,218,252,2.983095233
11749520,792.03998,199,138,199,3.745711859
12741439,791.90997,112,92,112,6.921815357
15253086,791.8,236,188,236,2.859237288
13902583,791.75999,158,152,158,4.560127357
12021845,789.99921,81,53,81,9.810116772
12807632,787.42,239,176,239,3.090962343
11620205,786.96,179,160,179,4.286629213
15016569,786.73994,130,112,130,5.744307462
11625503,786.61999,259,225,259,2.938918909
11639528,783.01,197,177,197,3.916446701
15083840,781.12995,92,80,92,8.218804076
11739946,780.93996,110,92,110,6.917636182
12860043,780.60998,211,178,211,3.193886235
13797795,778.50998,206,130,206,3.595339769
11731697,778.33993,207,133,207,3.267310703
11663168,777.71997,81,77,81,9.416296111
11698103,776.01942,85,78,85,8.835522882
11746292,775.88,368,244,368,1.63
11645120,775.4897,81,70,81,9.265305247
15091445,775.20992,87,79,87,8.450689195
11648392,774.91,168,126,168,4.09
11613991,773.18,173,153,173,4.250115607
12785772,773.17,328,250,328,2.070487805
12771823,770.78985,137,101,137,5.592371168
11743113,770.07,187,131,187,4.096684492
14221887,769.86936,77,53,77,9.868433377
12858020,768.70999,194,132,194,3.726357371
12788402,768.69997,118,109,118,6.669911372
13902647,768.38998,113,96,113,6.711415841
11698043,768.29,329,234,329,2.286493902
11700420,768.24943,85,72,85,8.842150353
13957619,768.03997,179,104,179,3.748081885
13789562,767.73,256,176,256,2.87515625
11691644,766.76997,126,91,126,5.966428452
11620533,765.50997,165,141,165,4.359070636
12943312,765.35992,131,108,131,5.305648569
15059659,765.03995,180,108,180,3.631249917
11684131,763.83,204,163,204,3.69
11842094,763.63956,80,65,80,9.107994938
15162311,763.54997,177,134,177,3.309510319
12817157,763.38991,121,108,121,5.965749646
11746284,761.52,286,167,286,2.28
14246058,759.52995,106,99,106,5.092358255
12787455,758.38998,149,105,149,4.580178926
11746206,756.86,333,305,333,2.146486486
12785803,756.45,205,148,205,3.69
11599345,755.98998,103,90,103,7.226440049
11645984,755.08,162,130,162,4.660987654
11641680,754.60998,140,104,140,5.259190429
14388089,754.47994,130,113,130,5.323999805
12513519,753.77995,77,52,77,9.464675
11684276,753.49996,104,94,104,7.036858798
12785441,751.92997,193,129,193,3.663593698
13796963,751.86998,159,121,159,4.470209607
12787582,751.6198,108,99,108,5.969584676
11678936,751.19965,85,72,85,8.547447153
11972496,750.77983,112,110,112,5.939880156
12510338,750,120,117,120,6.25
11658954,749.99998,231,213,231,3.260869478
13966754,749.78946,76,74,76,9.7305264
11701183,748.78998,219,153,219,3.299071507
11746249,748.34,289,248,289,2.616573427
14388199,748.30989,144,118,144,4.560950347
11621037,748.30986,123,69,123,5.007397907
11746372,747.85997,213,91,213,2.854929542
11623586,745.68,264,220,264,2.553636364
12185943,744.99926,75,53,75,8.579250747
14995706,744.25,165,147,165,4.262727273
12807628,744.00998,211,147,211,3.065071066
14908453,743.63958,78,70,78,9.533840769
11703791,743.44,192,155,192,3.727172775
12705275,743.07999,133,107,133,5.146090216
14084933,741.73992,160,96,160,3.70569606
14346808,741.60999,485,371,485,0.913257019
11620239,741.12999,163,143,163,4.393742301
15202620,741.08998,280,230,280,2.326380938
12785390,740.37,194,175,194,3.48742268
11654601,739.77993,129,89,129,5.437570814
11674667,739.45996,138,112,138,4.892898442
15053826,739.32999,203,135,203,3.264745468
12807629,739.31,224,150,224,3.159866071
11695605,738.61999,135,102,135,5.274024667
11603863,738.53999,220,195,220,2.541045443
11780896,738.53999,142,100,142,4.972464771
13884731,737.83,248,179,248,2.87266129
11852259,737.37996,116,89,116,6.169942371
13870759,737.37932,77,75,77,9.565057867
12833772,737.19996,171,127,171,3.866452178
11601437,737.14,135,131,135,5.423333333
13797805,736.66,268,159,268,2.573414179
12936573,735.46999,236,197,236,2.555211859
11669033,734.97997,182,160,182,3.487417527
12859953,733.74,126,86,126,5.823333333
15065939,732.95999,128,104,128,5.571953086
11702327,731.93995,236,185,236,3.036175043
13797778,729.73997,117,88,117,6.161551595
14492862,729.55,236,194,236,2.77779661
14071325,729.49993,217,153,217,2.680555475
11656146,729.31,203,188,203,3.356336634
13016421,728.62996,160,102,160,3.49769386
11633638,728.5399,143,114,143,4.432018451
14538275,728.16999,159,126,159,3.943941289
14383203,727.83,330,276,330,2.2374
11704330,727.82,166,158,166,4.336385542
11602732,726.9799,189,130,189,3.846454497
14369157,725.83,260,171,260,2.229169231
11658515,725.65999,175,111,175,3.847676171
11744850,723.59997,219,192,219,3.037234158
15031053,723.49974,76,60,76,9.151312737
14085899,723.07998,225,181,225,2.654484288
11640709,722.19,180,147,180,3.99
11695836,721.94999,160,149,160,4.310895813
11685428,721.09998,126,110,126,5.139272444
13966658,721.02,241,207,241,2.911161826
12932796,719.99928,72,70,72,9.807088958
11645976,719.52,143,105,143,4.867622378
11743195,719.12999,295,285,295,2.170646252
11739293,718.80994,128,118,128,5.546952695
11668297,718.63999,417,360,417,0.666163068
14543014,718.20997,127,106,127,5.344566811
13019383,717.53999,141,118,141,4.851773014
11684527,717.05994,100,64,100,6.845599725
11742309,716.3,245,175,245,2.865102041
11630769,715.98998,151,132,151,4.58568885
12734555,715.91975,132,90,132,5.202809962
11743157,715.56998,205,150,205,2.525792463
11660687,715.39996,165,142,165,3.422060545
11701894,715.35999,162,108,162,4.052613148
11683583,715.17998,134,113,134,5.262537239
11617200,715.12,186,138,186,3.801827957
11746194,714.93997,191,159,191,3.478115144
11662806,714.09,147,107,147,4.732857143
11731158,714.04995,100,64,100,6.89049975
12788251,713.91,156,129,156,4.49
11707350,713.89999,593,404,593,0.841207579
11672055,713.30999,119,113,119,5.896246471
11749345,710.84,232,189,232,3.077229437
11616697,710.39977,115,79,115,6.177389304
13902668,709.85998,116,104,116,6.018907974
12510337,709.02996,111,109,111,6.147417297
11707354,708.97999,597,434,597,0.821831378
11748840,708.55997,205,165,205,2.709317043
11907217,708.07,252,208,252,2.701111111
12788249,707.62999,208,188,208,3.128826845
11881054,707.36999,195,100,195,3.563256385
14543011,707.26997,120,86,120,5.545811838
14115931,707.17997,99,88,99,7.286105105
14419411,706.83999,205,180,205,2.859820245
12611553,706.63996,130,114,130,4.867307577
11684039,706.61996,130,118,130,4.859538331
12802527,706.44989,135,91,135,4.289079407
11833182,705.66,131,97,131,5.272442748
12822425,705.24999,211,183,211,3.274691931
14899963,705.14,221,175,221,3.062941176
13798056,704.94999,149,91,149,4.506767315
11742277,704.32999,180,110,180,3.660722208
11624948,704.25999,165,126,165,3.986020182
15256504,703.33989,77,68,77,8.874544286
11832821,703.27995,133,105,133,4.420576278
11653168,703.05,525,456,525,1.29
11697882,702.85998,116,94,116,5.958563147
11698847,701.66,202,163,202,3.289537954
11853953,701.64994,124,98,124,5.034032117
14249658,701.55998,190,165,190,3.424052605
12184080,701.07,172,166,172,4.052790698
14506606,700.95998,147,142,147,4.397165497
11675460,700.77991,144,107,144,2.812546134
11679189,699.9993,70,67,70,9.9285615
14941603,699.01,204,168,204,3.19004902
12932809,697.97994,134,123,134,4.481094303
11746230,697.85999,403,243,403,1.62949893
13902580,697.78,204,172,204,3.146862745
11599293,697.74,162,147,162,4.165246914
11703692,697.52,202,179,202,3.252821782
13886042,697.37998,162,153,162,4.183539043
11872779,697.23999,167,138,167,3.901636707
11746302,696.57,152,100,152,4.4984
11609318,696.50998,141,106,141,4.868865177
13789462,695.82999,118,99,118,5.854491483
11673143,695.10993,118,78,118,5.677207692
11638490,695.08999,92,76,92,7.500978207
11635304,693.17,182,124,182,3.786703297
14472122,693.08994,130,88,130,4.410974231
11648375,691.85,293,269,293,2.166109215
14520793,691.71994,84,55,84,7.828015565
11625370,691.12,382,268,382,1.63
11662110,690.2,170,97,170,3.819411765
14456026,689.99931,69,65,69,9.927526304
11741288,689.87991,124,90,124,5.226280723
14365386,689.86944,69,57,69,9.853180435
14340244,688.9799,123,92,123,4.925067923
11746254,687.4,243,208,243,2.756666667
14117266,686.40997,145,143,145,4.109747069
11698920,685.91998,110,89,110,6.144727182
12187227,685.56999,169,151,169,3.82209071
11647743,685.47997,105,94,105,6.369650667
11615157,685.06,121,120,121,5.537933884
13810125,683.6599,94,56,94,6.741063298
11907216,683.44,232,196,232,2.672758621
11681425,683.31985,83,56,83,7.329155723
12787733,682.32998,118,112,118,5.655423644
11695562,682.25994,122,88,122,5.162035273
11951688,681.33989,147,125,147,4.826055563
11747581,681.28998,169,132,169,2.22750821
11638783,680.29985,85,72,85,7.101567765
12787323,680.15,290,228,290,2.305172414
12185944,679.99932,70,55,70,7.239663629
11645972,679.94,177,136,177,3.769661017
11746293,679.86997,116,37,116,5.731637802
11744575,679.76,201,150,201,3.174079602
12139216,679.47999,177,146,177,3.348813531
11618161,679.15,85,71,85,7.99
11623681,679.05994,158,104,158,2.664810032
11671233,678.85998,200,178,200,2.539279711
11703682,678.68996,159,141,159,3.032974623
13789496,677.89997,113,102,113,5.866371549
11653271,677.12,650,586,650,0.780417311
11609337,677.06,184,164,184,3.49
11730377,677.06,185,138,185,3.468432432
11692270,676.5,146,142,146,4.527931034
11673948,676.39998,117,82,117,5.482478547
14376834,675.57,169,138,169,3.908816568
12016816,675.18963,72,69,72,9.37763375
13789490,674.91995,112,92,112,5.776160491
11643492,674.66994,219,143,219,2.311278473
14543023,674.28998,115,99,115,5.442347739
11676842,674.07,884,650,884,0.553775982
13798006,673.81998,119,106,119,5.540588151
11674727,673.6,206,161,206,3.095145631
12932718,673.34985,107,95,107,5.117585
11746186,673.13993,113,94,113,5.617757832
12788395,672.61,178,151,178,3.563033708
14340512,671.1,187,132,187,3.530106952
15209702,670.95999,358,270,358,0.94878277
11698825,670.5799,122,74,122,4.043469656
13870673,670.43979,80,78,80,8.317997438
14899960,670.23993,187,146,187,3.118752112
11697153,669.97935,67,44,67,9.925065
11697162,669.94938,67,54,67,9.626110522
15259005,669.65999,209,158,209,2.795853254
11743803,668.99998,102,79,102,6.460784216
11642863,668.57999,207,177,207,2.916086944
14565145,668.5497,94,87,94,6.543545806
11646284,668.02998,162,137,162,3.759156343
11697198,667.06996,241,122,241,2.039896248
12473796,666.98,193,158,193,2.873523316
14502891,666.89,154,145,154,3.918961039
11738264,666.81986,103,102,103,6.190047282
11746208,665.63998,140,100,140,4.129190429
14115939,665.57,103,94,103,6.46184466
14115949,665.02995,93,72,93,6.982036778
14566386,664.36994,69,64,69,9.556086159
11837700,663.92,327,272,327,1.909266055
13778462,663.11,223,181,223,2.894484305
11607871,662.18,182,156,182,3.638351648
13777319,661.86999,166,135,166,3.711204804
11703593,661.17,180,156,180,3.526666667
14066331,660.92998,109,92,109,5.971834771
12566160,660.51,177,144,177,3.69
14098843,660.22,169,157,169,3.723727811
11666113,658.87,111,107,111,5.845855856
12176983,658.1,244,168,244,2.48692623
11841159,658.09,260,223,260,2.341538462
12827622,657.96993,110,105,110,5.654250459
12813126,657.87,175,123,175,3.502857143
11695978,657.83,173,162,173,3.543757225
11692473,657.21995,259,151,259,1.321136831
14033268,656.76,208,157,208,2.939275362
11747509,655.95992,160,120,160,2.637416547
11667536,655.62994,325,181,325,0.621707204
13902663,654,498,301,498,1
11741394,653.87939,72,72,72,8.637353056
12932333,653.86994,141,122,141,3.75836266
11692123,653.49999,144,111,144,4.283356458
11743036,653.06999,120,101,120,5.361958292
11701271,653.06,205,157,205,3.052926829
11744769,652.78,394,366,394,1.239086294
12732280,652.47991,176,151,176,2.338556434
11684180,652.14999,198,122,198,2.217811439
12875620,651.77999,141,125,141,4.526453865
14339470,651.42995,149,75,149,3.624819713
11698202,651.32,213,128,213,2.426619718
11750244,651.20998,81,79,81,7.916172716
14389782,650.72995,159,135,159,3.429653994
11727840,650.11998,207,167,207,2.77386471
11842451,650.05,133,112,133,4.488784461
11741133,650.04999,126,117,126,5.328278607
12820054,649.98936,65,57,65,9.922913308
11696643,649.58985,106,57,106,5.349905024
11673945,649.52995,104,76,104,5.62124976
11857115,649.19998,123,103,123,4.843821057
11640986,649.18999,137,105,137,4.552773704
11649214,649.04992,103,78,103,5.913106408
11706036,648.04997,155,142,155,3.462849403
14502887,647.70998,149,131,149,3.866733725
12932821,647.53993,110,99,110,5.195151182
11645982,647.19,139,111,139,4.588561151
15029999,647.08998,150,117,150,4.1341333
14091953,646.81999,237,197,237,2.299789019
11666774,646.43999,151,135,151,4.069094901
15031059,646.12,88,56,88,7.342272727
11819747,645.99,211,185,211,2.929336493
11689530,645.92999,203,166,203,3.071330037
11606250,645.6,137,101,137,4.610437956
13870752,645.49938,65,59,65,9.635888192
12857905,645.46999,104,74,104,6.158365337
12714077,645.23999,155,91,155,4.061677403
11661623,644.96997,121,99,121,5.045798774
13884733,644.83998,68,55,68,9.335882206
11837657,644.42995,134,127,134,3.744419083
13789494,643.9,110,83,110,5.853636364
11875323,643.74,144,114,144,4.415
12234460,643.36985,128,65,128,5.09831884
11658161,642.82,180,141,180,3.307611111
14438839,642.12996,91,90,91,6.818278187
12758350,642.05985,71,69,71,8.902251549
11604492,641.95,199,190,199,2.919141414
11623589,641.51999,228,201,228,2.544868412
11617968,641.19998,546,365,546,0.844715594
14288896,640.76952,71,64,71,8.508491408
11742550,640.71964,77,57,77,7.985839481
11749583,639.94,186,96,186,2.711505376
11683465,639.79975,95,89,95,6.581681632
11615396,639.15999,76,60,76,8.344210461
12514678,638.65,126,96,126,4.736031746
12810585,638.57995,142,122,142,4.079037456
11620754,638.4,151,134,151,3.99
14237860,638.08,158,126,158,3.583291139
11627586,637.96,226,188,226,2.518761062
11690509,637.77996,152,120,152,3.658684145
11649103,637.17,134,120,134,3.785572139
11630179,637.04999,144,120,144,4.322245347
11643355,636.28998,197,167,197,2.768832462
11693479,636.18996,96,95,96,6.486210316
13043416,635.89,137,99,137,4.499489051
14244849,635.60992,98,87,98,6.026632296
11676214,635.01998,130,118,130,4.762974327
13902670,634.98,281,229,281,2.109642857
13870738,634.83974,80,76,80,6.695914656
11744933,634.4596,72,61,72,5.897103653
11746299,634.07,149,54,149,3.89
13056660,633.70994,127,120,127,4.485222874
11730395,633.57999,185,137,185,2.577837827
14879247,633.26986,87,65,87,6.474367011
11743076,633.17994,88,72,88,6.854317841
11667192,632.49999,204,194,204,2.812843125
11748692,632.43999,158,153,158,3.985843861
11639682,632.32997,70,66,70,8.759476036
14341554,632.04999,176,123,176,3.272916648
15016610,631.02,220,193,220,2.2725
15030123,630.84,134,89,134,4.637761194
11732411,630.54988,83,83,83,7.034738072
12932812,629.97948,66,56,66,9.393628636
12881178,629.63999,125,91,125,4.52874664
12712655,629.61999,137,108,137,4.475474434
11881041,629.55999,223,151,223,2.813333311
11820288,628.91999,183,179,183,3.289508186
12176836,628.84944,64,62,64,9.8257725
11703776,628.71,186,141,186,3.115913978
11752520,628.59,137,106,137,4.54459854
11666144,628.26999,121,110,121,5.03966938
14509161,627.95996,124,92,124,4.100618206
12787586,626.79998,72,64,72,8.543518403
11627655,626.53997,200,154,200,2.413552167
11645718,626.43,155,98,155,3.99
11683459,625.6297,84,73,84,7.153091905
14255718,625.52,161,127,161,3.723540373
12787352,625.03997,100,70,100,6.162020051
14899962,624.32,198,167,198,3.044822335
11749819,624.10996,169,149,169,3.274654766
11701898,623.97,152,124,152,4.078815789
12787853,623.29,277,203,277,2.070144404
11743306,623.05998,116,103,116,5.284999914
12807630,623.03,177,137,177,3.16299435
11747388,622.99998,212,162,212,1.448113192
14345309,622.4,157,137,157,3.89
13043418,622.23,132,81,132,4.638257576
13778466,621.55,205,164,205,2.890487805
11599468,621.31999,69,57,69,8.932173841
11633301,620.62998,123,115,123,4.889999939
11842762,620.55997,94,81,94,6.346701968
11617339,620.33998,162,156,162,3.611522593
14101796,620.31,69,54,69,8.99
11697870,619.79996,119,101,119,4.847478824
14071339,619.11,145,115,145,3.892758621
12207402,618.96996,105,64,105,5.63799981
11667233,618.06942,64,56,64,9.032335313
14399111,617.67997,114,55,114,4.415701667
11668077,617.63999,206,176,206,2.00891585
11607151,617.41988,199,125,199,1.651187604
12906966,617.19995,95,79,95,6.228191295
12858016,616.99999,100,69,100,6.07509995
14345297,616.93,156,120,156,3.932307692
11686197,616.31,196,162,196,2.595969388
13797900,616.23,204,141,204,2.794101307
11686435,614.47997,153,95,153,3.836601242
11743038,614.22,167,125,167,3.446886228
13971045,613.94999,202,194,202,2.972636803
11819744,613.92,201,175,201,2.953681592
11628760,613.87,169,125,169,3.146321499
12144638,613.57996,142,92,142,3.629882535
11972276,613.54,132,78,132,4.528030303
14856708,613.21998,109,93,109,5.200397477
11744501,613.14,336,314,336,1.267410714
13960140,613.04,190,152,190,3.114473684
11671517,612.95,189,144,189,2.99
11736011,612.77,122,116,122,4.981803279
11645974,612.75,122,94,122,4.90322314
14565605,612.42993,64,60,64,9.491092734
11743041,612.04,126,80,126,4.671349206
11746303,611.4,242,164,242,2.439605809
15067824,610.98998,104,80,104,5.834854272
12820607,610.92987,112,78,112,4.195525061
11692496,610.84996,238,138,238,1.286092417
11781183,610.67,156,134,156,3.676228632
11676253,609.99939,61,43,61,9.795072172
14370462,609.95943,61,45,61,9.753433525
11657102,609.93,155,120,155,3.883548387
11697145,609.86952,61,46,61,9.833926721
11853789,609.30997,116,98,116,5.02727
11646286,609.24,121,101,121,4.857768595
15016559,608.94,104,78,104,5.759230769
13870510,608.54999,96,73,96,6.286979115
13789488,608.34999,67,63,67,9.141666591
11628737,608.19999,152,122,152,3.774199539
11959190,608.14982,94,63,94,6.469678936
11622267,608.02,168,126,168,3.085238095
11604884,607.8,233,191,233,2.426909871
11722930,607.47999,146,127,146,3.403869846
12741451,607.24,76,64,76,7.99
12822426,606.66,180,146,180,3.233910615
11897380,606.6598,94,77,94,5.372268457
11677748,606.54995,134,85,134,4.595075379
11832279,606.45999,137,84,137,4.162335748
11674570,606.36996,156,51,156,2.414829013
12936576,605.87999,177,138,177,3.118201497
12504717,605.40999,105,81,105,5.081285667
15202619,605.35,223,175,223,2.285067265
11633318,605.17999,125,116,125,4.72815998
14071332,604.92,158,115,158,3.297721519
14856709,604.46998,106,91,106,5.227798703
12788243,604.09989,101,58,101,5.436633119
11643486,603.85997,200,145,200,2.320966644
11630416,603.23999,144,102,144,4.15444441
11689766,602.76,249,201,249,1.420321285
11668567,602.66994,125,106,125,4.039813184
11843941,602.43992,108,75,108,4.915123139
11664997,602.4,200,152,200,2.94375
12787456,602.18,119,88,119,4.586638655
14072538,601.99999,385,355,385,1.035714284
13789492,601.52996,102,76,102,5.757722574
12936586,601.49998,168,157,168,3.212824329
15164900,601.12998,90,84,90,6.64191
13797782,601.09999,213,146,213,2.426568846
14278842,600.99,188,147,188,2.99
12725854,600.97998,135,90,135,3.818049333
11746257,600.45999,116,98,116,5.177913
11869187,599.9994,61,54,61,9.91665675
11663583,599.65995,89,81,89,6.438127079
15016607,598.81,269,219,269,1.879219331
13797791,598.31,185,134,185,2.912990991
14570358,598.05998,102,97,102,5.360751598
14899969,598.03999,186,152,186,2.96856629
11686192,597.3,181,152,181,2.603922652
11600599,597.17,131,111,131,4.49
11847126,596.45,155,143,155,3.848064516
11872777,596.09999,142,117,142,3.902981197
11742030,596.03999,183,135,183,2.987322391
14023047,595.91,156,111,156,3.746410256
14316587,595.81999,162,105,162,3.470576111
13777892,595.62994,93,69,93,6.064121559
11675073,595.40999,177,127,177,3.089303192
11686686,595.15985,97,54,97,5.235531907
11670567,595.11991,166,141,166,2.369999864
12787254,594.69,157,135,157,3.311656051
11666290,593.7,128,115,128,4.5759375
11746229,593.2999,100,56,100,5.34966625
11673441,593.28,122,116,122,4.86295082
12725104,593.07996,94,76,94,5.990425319
11738689,593.05999,138,112,138,4.091046204
14565143,593.04997,149,98,149,3.633154295
11751224,593,183,172,183,3.660493827
14471852,592.52997,91,78,91,6.416999833
13810124,591.82987,80,56,80,6.564540875
11690575,591.48,199,170,199,2.79
11656135,590.59,91,78,91,6.49
11674749,589.99941,60,28,60,9.632758729
11832846,589.89995,133,105,133,3.538145219
15067092,589.47997,105,82,105,5.455364952
14543015,588.96995,105,92,105,5.193650595
11746236,588.43,348,249,348,1.63
12153034,588.39997,175,124,175,2.883276143
11837655,588.24,154,125,154,3.780909091
11819917,587.48998,105,72,105,5.371333238
11641371,586.96995,107,96,107,5.226320519
13966867,586.92,156,107,156,3.717564103
12242027,586.24,167,137,167,2.869820359
13828583,585.81996,127,97,127,3.258031398
13789472,585.38999,62,46,62,9.361128952
14424686,585.15,165,157,165,2.49
11746170,585.14994,137,63,137,3.853454854
13043420,584.79,132,96,132,4.347045455
14345325,584.76,162,134,162,3.543765432
15253291,584.40997,182,143,182,1.568553092
12191716,584.1,114,70,114,4.95
11842091,584.06992,102,74,102,5.335555221
14402833,583.85997,197,138,197,1.442605731
11746241,583.47999,238,188,238,2.357086828
12894281,583.41,166,124,166,3.452409639
11669610,583.13998,229,199,229,1.958267822
13798011,583.05996,96,73,96,5.743888698
12786624,582.98997,147,114,147,3.632494294
11624115,582.94999,103,69,103,5.449643981
15267287,582.90997,124,115,124,4.269542944
11698082,582.46995,117,108,117,3.778304694
11833494,580.94995,145,112,145,2.928344741
14345187,580.86971,68,60,68,7.365732206
14509916,579.99942,58,41,58,9.195393103
12535885,579.99942,58,41,58,9.827576379
14065564,579.99942,58,49,58,9.741369569
11741090,579.87,148,110,148,3.79
11698419,579.21,113,91,113,4.66920354
12932803,579.15989,96,86,96,5.113280703
12889443,579.11996,110,91,110,4.594605932
15237967,579.08996,184,166,184,2.857857971
11972258,578.88998,162,101,162,2.919855926
12895186,578.47,147,107,147,3.779115646
12932814,578.16943,58,56,58,9.882231638
12207984,578.05,105,89,105,5.415288462
11744480,578.01998,382,352,382,0.93891174
14095689,576.93,138,88,138,3.682028986
12860010,576.82,117,83,117,4.891709402
13864980,575.49988,82,61,82,6.235771677
11734117,574.88,309,242,309,1.841779935
11682487,574.79998,154,86,154,3.270432857
11604659,574.43997,152,140,152,3.478057338
15007552,574.08,185,138,185,2.99
11745094,573.85,114,86,114,4.99
12790220,573.62,147,126,147,3.385204082
14409765,573.11,158,116,158,3.493164557
14102407,573.03998,98,77,98,5.74530602
14078712,572.38999,62,55,62,9.151451532
11842992,572.38999,153,124,153,3.27333333
11675081,571.73,166,122,166,3.065903614
11621519,570.68,199,136,199,2.327072864
11732861,570.20998,145,116,145,3.538242989
14315946,570.20998,223,160,223,1.673916278
11635987,569.99943,57,34,57,9.356715789
12705425,569.99943,57,39,57,9.824551579
12705431,569.99943,57,39,57,9.99999
11697143,569.9295,57,46,57,9.647886316
11622876,569.73999,170,135,170,3.190256391
11849884,569.73998,125,123,125,4.304758024
11732627,569.03977,64,64,64,8.813121484
13789474,569.03,97,77,97,5.86628866
12240070,568.43999,149,133,149,3.57955255
11615398,568.24999,68,53,68,8.283088162
14499056,568.16,189,150,189,2.76015873
14345131,567.98976,66,56,66,7.048154432
11881052,567.77999,152,100,152,3.611578914
11616699,567.20992,93,69,93,6.050751828
11686934,566.58999,133,120,133,3.962506241
15243451,566.49,151,133,151,3.751589404
13789476,566.41,59,47,59,9.600169492
14995702,564.67,128,121,128,4.25171875
12184444,564.35983,77,55,77,6.122639692
11746300,563.95,215,114,215,2.420186916
11694843,563.79,137,104,137,3.709562044
14115944,563.78996,83,77,83,6.330040021
15065943,563.77,110,90,110,4.989090909
11599471,563.75998,110,97,110,4.364424182
15165014,563.71998,80,73,80,6.921499875
11617960,563.64999,164,161,164,2.978882104
11615659,563.61977,61,55,61,9.239668361
11696728,563.6,189,162,189,2.698465608
11601482,563.58999,143,131,143,3.548834476
11638176,563.21997,124,113,124,4.178454207
13797955,562.94995,103,83,103,4.909579078
12162033,562.54,213,148,213,2.581408451
11736093,562.35986,78,55,78,6.216153045
12557938,561.68998,109,74,109,4.885596239
11706201,561.10992,93,83,93,5.517741505
11699128,561.08999,192,153,192,2.31302082
11883457,560.57996,99,83,99,5.460403838
12813023,560.04991,81,62,81,6.295791125
12787693,560.00997,97,87,97,5.327078918
14099487,559.99944,56,50,56,9.99999
13902642,559.87998,151,111,151,2.668940364
11617637,559.57998,104,102,104,4.06644226
15164974,558.65993,93,78,93,5.673548097
12932699,558.20994,96,83,96,5.372551771
11602718,558.06997,103,82,103,5.471274216
11703779,557.68,160,138,160,3.1931875
11615493,557.67999,73,61,73,7.570958836
12456238,557.38986,75,37,75,6.4985324
15239814,557.11997,213,200,213,1.339311408
11733593,556.89,278,273,278,1.981726619
11667013,556.15998,126,91,126,4.031243333
12932829,556.03996,109,95,109,4.54155945
13797992,555.51999,99,77,99,5.56080803
11852257,554.70994,85,66,85,6.153450647
11746251,554.25991,83,74,83,6.005140151
11676376,554.24,263,234,263,2.118423773
11640521,554.04997,138,126,138,3.633937101
14383629,553.89,111,93,111,4.99
11743450,553.09996,94,84,94,5.653545904
12191698,552.79999,179,120,179,2.94748602
11872755,552.78,107,57,107,4.98
14115930,552.47993,77,59,77,6.536796136
11694852,552.2,135,112,135,3.711185185
11842609,552.1,242,201,242,2.210247934
11623583,551.84,198,165,198,2.554646465
14899633,551.42994,63,47,63,8.25021119
11820393,551.27999,216,184,216,1.988503079
11842759,551.27993,81,66,81,6.373826728
14340240,550.95978,75,51,75,4.816487651
11745153,550.64,237,219,237,1.94814346
12835458,550.46999,177,131,177,2.20274952
13056741,550.33999,67,60,67,8.13940291
14521869,550.33992,74,53,74,6.851440946
11613604,550.16,369,319,369,0.935284553
12185945,549.99945,56,37,56,8.1272646
14378582,549.99945,55,42,55,9.818172
11695975,549.59997,130,121,130,3.734403212
14445593,549.41992,67,38,67,7.718484242
12811692,549.3,117,95,117,4.575470085
14345329,549.25,203,167,203,2.679655172
11698048,548.44947,55,49,55,9.789990545
12820707,548.09997,91,57,91,5.25162989
11602863,547.33998,68,66,68,7.877548897
12191604,547.22,238,158,238,2.192913165
11648763,547.13,200,141,200,1.967325
11701322,546.7,245,229,245,2.081142857
11743457,546.58998,93,69,93,5.769784839
11750914,546.14,135,126,135,4.015925926
12932788,545.91948,55,54,55,9.713687727
12737426,545.88,210,186,210,1.948066667
13798014,545.35999,150,116,150,3.28006665
14084923,545.24999,145,106,145,3.059034466
11630721,544.81997,120,94,120,4.290911603
11668082,544.68,172,141,172,1.948023256
11832172,544.65998,114,81,114,4.272631518
12833778,544.53999,145,130,145,3.672939792
12191712,544.5,104,61,104,4.95
11828100,544.38,127,96,127,4.119133858
12712666,543.9,131,99,131,3.903969466
11666567,543.71,119,102,119,4.568991597
14908454,543.70972,57,48,57,9.538767018
12153065,543.59,162,107,162,2.945493827
12878999,543.05995,95,82,95,5.272446543
12828327,542.74,120,88,120,4.313529412
12841036,542.42992,81,68,81,5.66232466
12506039,541.84999,113,98,113,4.634631239
14388203,541.65982,77,66,77,5.121146299
11604888,541.51,216,205,216,2.437824074
11730374,541.49999,146,124,146,3.547146096
11682242,541.06995,102,91,102,4.769248137
11741019,540.99999,115,111,115,5.203883447
11661622,540.88994,99,76,99,5.110454242
12493830,540.58995,103,76,103,4.842588786
12785361,540.57999,352,306,352,1.131704542
14094363,539.99946,54,42,54,9.9073975
11628815,539.83962,54,41,54,9.99703
12191706,539.55,108,76,108,4.95
11686868,539.53999,152,119,152,3.174994013
11676513,538.93999,152,127,152,2.455197355
11696797,538.92,102,83,102,4.99
11749582,538.72,143,75,143,3.207482517
11948032,538.68995,86,56,86,5.973139244
11699924,538.52999,123,88,123,4.248644959
15066033,538.3,105,100,105,4.898571429
11689538,537.31998,129,103,129,3.734082636
11706969,537.28999,72,63,72,7.392916597
11599907,535.98,102,98,102,5.254705882
11951694,535.7699,109,83,109,5.054433019
11604862,535.55,217,195,217,2.433548387
11615401,535.25998,76,51,76,6.911315658
14944840,535.13997,84,68,84,6.25761875
15016561,535.07998,90,59,90,5.615222153
11692472,534.90998,241,141,241,1.292863062
14543020,534.58997,90,79,90,5.556999833
14496289,534.33993,91,88,91,5.322417198
12813128,534.05998,132,93,132,3.547285303
12516269,533.93997,140,126,140,3.229499929
14472124,532.87997,99,48,99,4.454949394
11951690,532.54982,77,45,77,7.007234474
11633298,532.53,145,139,145,3.624482759
11677612,532.37,109,80,109,4.714770642
11742624,532.31,158,140,158,3.4797
14916311,531.29999,115,94,115,4.332115913
11735526,530.95,197,188,197,2.591522843
11634178,530.63998,59,50,59,8.82440661
12184679,530.55,198,165,198,1.857676768
12894283,530.54,151,122,151,3.446291391
11669689,529.99947,53,51,53,9.811310943
11750775,529.99947,54,52,54,9.685524906
11840418,529.99947,53,43,53,9.591185377
11692508,529.87,326,220,326,1.290490798
11684676,529.83,191,159,191,2.561204188
15165061,529.77969,54,50,54,9.618485094
15158547,529.38,120,115,120,4.34
11614636,529.20991,76,60,76,5.451710066
12859950,529.14997,88,75,88,5.814204403
13902626,528.91997,115,112,115,4.508070044
11737591,528.79,169,156,169,3.093550296
11702307,528.34998,180,156,180,3.001988523
11667523,528.34998,359,182,359,0.627227804
12813129,528.23999,134,94,134,3.445920373
12162035,527.84,325,210,325,1.560630769
11670858,527.55999,132,118,132,2.108914129
11872778,527.43,112,86,112,4.506071429
11673381,527.12998,115,90,115,3.315695609
12835464,527.04998,118,72,118,3.840480169
11746310,526.82,118,102,118,4.464576271
11673202,526.63995,132,93,132,3.48583322
14005105,525.28,127,92,127,3.758503937
11743497,525.07,171,146,171,3.302327044
11606893,524.99998,104,75,104,4.980914951
12810669,524.86,111,77,111,4.644144144
11677945,524.69,360,299,360,0.679451389
11606467,523.95,106,96,106,4.99
14065702,523.39997,64,53,64,8.069841032
11668010,523.16998,170,149,170,2.366529382
11742291,523.09,133,76,133,3.68556391
11671224,522.76999,177,167,177,2.526045184
15092726,521.81964,54,47,54,9.292956667
11633306,521.74,109,100,109,4.603394495
11693530,520.97,173,171,173,3.011387283
12787558,520.72989,81,73,81,5.36378537
14889810,520.69997,73,50,73,6.886301205
11838810,520.62997,285,137,285,1.624538
13902633,520.59998,92,81,92,5.446483407
12788318,520.40999,128,119,128,3.950494766
11668192,520.22,344,257,344,0.812383721
14566339,519.5599,55,51,55,9.34370213
11734113,519.45,149,122,149,3.352416107
11743069,519.29997,73,59,73,6.908218973
11617308,519.21999,138,136,138,2.932681141
11744577,519.07,153,110,153,3.184117647
11668091,518.98,213,172,213,1.632816901
13797906,518.85996,88,69,88,5.734022759
11696700,518.52,251,221,251,1.49
11645970,518.37,127,79,127,3.747874016
12822424,518.02998,139,86,139,3.294340486
11749502,517.66999,84,49,84,6.103214226
14878462,517.32,117,92,117,3.519843305
12514049,517.27995,77,64,77,6.371601429
14470132,517.26,215,201,215,2.026238318
12945950,516.30995,135,85,135,3.091815821
11832841,516.04985,66,60,66,6.614190795
11660684,515.97999,131,109,131,3.345165382
11606786,515.97,157,139,157,3.088821656
11660698,515.38,146,135,146,3.114109589
11733304,514.44997,61,49,61,8.446222
13971975,514.33998,68,52,68,7.416764559
11703585,514.32,131,102,131,3.609083969
11894358,514.19,256,194,256,1.6540625
14199100,514.16997,86,59,86,5.804302151
15164973,513.81,119,112,119,4.320508475
11688999,513.54,129,80,129,3.778372093
12510335,513.46,108,104,108,4.674444444
11952639,513.35,174,140,174,2.923988439
13902615,513.16995,89,76,89,5.485055899
11640519,513.13,134,113,134,3.614291045
11698829,513.04988,85,74,85,4.819568088
12759021,512.88,113,101,113,3.956017699
13798020,512.62997,90,74,90,5.529222056
11730505,512.58,157,116,157,2.904012739
11744975,512.45998,217,174,217,1.401759681
11742930,511.87998,98,80,98,5.045663138
14327189,511.86,110,90,110,4.49
14354525,511.41997,149,136,149,2.528232617
11660497,511.38998,127,109,127,3.257112835
12144640,511.14,124,80,124,3.638306452
11695811,510.51,117,92,117,4.29
11738315,510.46999,114,79,114,4.296783596
11675075,510.39995,127,87,127,3.060997264
15053829,510.27999,145,107,145,3.230300903
12741459,510.27,73,66,73,6.99
11952641,510.08998,156,125,156,2.925918766
15107905,509.70993,92,72,92,4.959238804
13973267,509.67,110,83,110,4.505454545
11743095,509.63998,139,96,139,3.46124696
14270798,509.10996,148,106,148,2.47480475
11893655,508.54,93,74,93,5.328709677
14345285,508.3,168,134,168,2.99
11746253,507.47997,95,79,95,5.183999842
12840573,507.43999,152,138,152,2.546052615
11633314,507.27999,105,100,105,4.720190429
11671255,507.23999,178,166,178,2.526629199
11731740,507.14999,122,61,122,3.971502705
12560399,506.94999,102,87,102,4.772277178
12820714,506.72,87,67,87,4.94316092
13798008,506.67994,123,92,123,3.357696346
13798003,506.58999,90,83,90,5.467888833
12557937,506.56,101,70,101,4.874
11706367,506.38,109,101,109,4.522110092
11701217,505.51997,142,105,142,3.200070373
11747016,505.4,159,130,159,2.876792453
14907196,505.32993,74,59,74,6.355810338
13798066,505.08,205,144,205,2.05095122
11832571,505.03,169,136,169,2.77125
11694620,504.99992,58,57,58,7.988505086
13902634,504.97997,206,154,206,1.264854358
12932801,504.73967,58,51,58,7.562835789
12786883,504.12998,94,45,94,5.000141755
11853685,504.04,178,159,178,2.575393258
11857216,504.00999,94,85,94,4.963510612
11631179,503.56,138,113,138,3.136086957
13035024,503.28,72,48,72,6.99
12026942,503.24995,79,72,79,4.739062692
11655489,503.19999,120,84,120,4.097861083
11661088,503.18999,152,128,152,2.799139056
11749947,503.01999,183,127,183,2.487322393
15060574,502.69998,96,67,96,4.569201328
11681645,502.68994,112,54,112,3.201815335
11683667,502.58996,118,97,118,3.277062055
14302226,502.58,219,173,219,1.933013699
11684051,502.05,94,82,94,5.28787234
11747448,501.92,215,177,215,1.048084112
11746283,501.81,129,77,129,3.859844961
12856686,501.73,101,79,101,4.923168317
13798000,501.63,84,62,84,5.793571429
11702971,501.49999,127,89,127,3.777742756
15265686,501.24999,125,104,125,3.92874664
11667987,501.20998,164,134,164,2.371768262
12932792,500.37961,53,51,53,9.25244566
14384044,499.9995,50,44,50,9.7999902
12185942,499.9995,51,39,51,7.488325845
11855048,499.96953,50,49,50,9.8993907
11699964,499.72995,100,91,100,3.789466505
15066032,499.69,93,87,93,4.954516129
11952638,499.49,165,139,165,2.854545455
12238158,499.26,152,126,152,3.027236842
12560400,499.07997,87,79,87,5.139769943
14541769,498.82,109,86,109,4.22853211
11602728,498.81986,85,46,85,5.826233647
13797946,498.42999,109,92,109,4.17449539
14327183,497.59,142,110,142,3.031056338
12892432,497.25,130,85,130,3.667730769
12548106,496.79,145,121,145,3.233172414
11905539,496.47994,58,45,58,8.042758103
11635358,496.40999,58,57,58,7.954224052
11707375,496.25,364,282,364,0.925906593
11745235,495.79999,181,173,181,1.757053398
11748562,495.56999,186,168,186,1.802043004
11699132,495.55999,196,151,196,2.054562062
11675139,494.96,173,133,173,2.69
11622130,494.88,116,112,116,4.281608696
11686847,494.3,179,154,179,2.808522727
12249393,493.88,157,151,157,3.050509554
12928394,493.54,382,306,382,0.922146597
12187282,493.15981,78,70,78,6.755613836
12222196,493.13999,136,117,136,3.291764688
14441190,492.94999,133,109,133,3.11187968
14084902,492.93,102,89,102,4.61745098
11697897,492.69,129,68,129,3.703333333
12511196,492.62996,82,55,82,5.197479451
11681431,492.51991,57,39,57,7.76350807
15236390,492,189,148,189,2.23015873
11703840,491.33997,69,66,69,6.903478043
13797797,491.29999,135,91,135,3.604664142
14345327,490.73,136,126,136,3.581176471
11669487,490.68,107,88,107,4.403084112
11675738,490.64,200,127,200,2.4532
11604818,490.36,157,135,157,2.99
12225630,490.11,334,312,334,1.616661017
12611551,489.99999,99,91,99,4.751144747
14332814,489.99951,51,48,51,9.99999
12186212,489.99951,50,26,50,8.9285625
12811253,489.86997,66,58,66,7.194999773
11695357,489.52998,49,48,49,9.786326327
12782857,489.49991,61,54,61,8.177266393
11835521,489.48,129,87,129,3.701627907
11746371,489.06,162,100,162,2.86
12820601,488.99992,98,76,98,4.23401324
13902664,488.7,129,100,129,3.761317829
11669518,488.31999,122,89,122,3.465491783
11670993,488.19997,105,87,105,3.924444357
14541744,488.16,138,111,138,3.39
13797904,488.14,143,103,143,3.392622378
11743118,487.86,82,70,82,5.949512195
11832833,487.79984,71,55,71,5.405609261
11753856,487.65997,153,72,153,2.072997778
15554214,487.64,124,117,124,3.602903226
12811154,487.26,165,156,165,2.805151515
11658023,487.06,92,76,92,5.185652174
11702395,486.67,161,144,161,3.01790625
11743424,486.51999,204,142,204,2.089558814
11741906,486.49,95,89,95,4.821578947
12176839,486.40961,50,49,50,9.5281924
11668819,486.30998,83,58,83,5.738674578
11672593,486.14999,162,142,162,2.731966481
11746212,485.22,113,106,113,4.110353982
12600903,485.19,81,55,81,5.99
12787137,485.17,121,100,121,3.947024793
11692291,484.81,118,107,118,4.074745763
14293632,484.55,140,91,140,2.968285714
12018824,484.38,150,109,150,2.99
11839712,484.31,178,151,178,2.504550562
11722722,484.21999,163,155,163,2.771288328
14565126,483.65,129,113,129,3.586899225
11676545,483.56975,73,38,73,6.624243151
11651672,483.55,95,58,95,5.09
11599750,482.22997,116,74,116,2.662528664
11733135,482.13998,132,100,132,2.977121178
11833184,482.03,96,75,96,4.968947368
15165041,481.99,51,47,51,9.450784314
11661621,481.69996,93,79,93,4.964515914
11643483,481.56,189,155,189,2.262222222
11666096,481.45995,59,59,59,7.99084678
14472638,481.31998,127,104,127,3.169212559
12162029,480.78,249,175,249,1.865240964
12788583,480.62,196,138,196,2.020612245
12840614,480.46999,152,125,152,2.213201743
11703895,480.17997,85,53,85,5.472705706
12788121,480.00998,83,29,83,4.612730843
11701997,479.99952,48,47,48,9.687490313
11697420,479.99952,48,41,48,9.895823438
11777512,479.85998,56,42,56,8.390356964
11653979,479.33998,135,122,135,2.949678963
13797780,479.28,183,131,183,2.489981785
14549926,479.04,93,83,93,4.99
11713106,478.69996,117,86,117,2.842011401
11682858,478.59,144,97,144,3.241041667
15060572,478.37989,73,38,73,5.799725274
12787952,478,97,67,97,4.783814433
14512167,477.73,105,63,105,3.756666667
11617692,477.49999,101,92,101,4.653465322
11679915,477.34,173,93,173,2.742716763
14116472,477.23,77,59,77,6.197792208
14339662,477.08,94,82,94,4.714468085
11607517,477.03,102,75,102,4.593529412
14462772,476.99987,63,53,63,6.452380008
11741873,476.94999,106,102,106,4.424056585
15016608,476.21,173,150,173,2.277861272
11681799,476.14997,100,94,100,4.35129985
12560406,475.53996,50,49,50,9.3107994
13904808,475.32,68,57,68,6.99
11641000,474.6,105,79,105,4.481904762
11747583,474.30999,132,109,132,2.843535341
14536952,474.09,76,74,76,5.837894737
11658516,474.04999,118,72,118,3.80002822
11953359,473.98,97,74,97,4.639484536
12932693,473.71969,51,40,51,8.177511373
12773826,473.61974,62,28,62,5.211933589
11824950,473.53,113,82,113,4.111061947
11664828,472.57999,106,79,106,4.191907019
12903212,472.43998,171,147,171,1.412468284
11680544,472.41,107,91,107,4.334859813
11900698,472.39999,61,47,61,7.662295
11852245,472.31,87,72,87,5.317906977
11743432,471.88999,209,128,209,2.089567298
11740661,471.68,209,199,209,1.982344498
14327535,471.52,150,139,150,2.816933333
14332414,471.34998,87,71,87,5.153563103
11628693,470.86991,76,62,76,5.570657336
12858022,470.81995,103,58,103,3.635113131
14318902,470.69999,175,158,175,2.275250402
11617188,470.59,122,87,122,3.763278689
11834436,469.99953,47,35,47,9.893607128
11708592,469.34998,98,82,98,4.56894551
11600257,469.32999,174,159,174,2.644191014
11670524,469.32992,128,95,128,2.782317566
12187290,468.71981,69,62,69,7.101815303
11602861,468.44997,60,57,60,7.81810319
12889408,467.97999,102,85,102,4.470490172
14085897,467.96999,147,109,147,2.594716531
14206606,467.25993,71,42,71,6.064694366
12766129,466.21999,125,78,125,3.29807998
11746144,466.01998,200,172,200,1.319322012
14309531,465.99995,121,91,121,3.150826343
11746309,465.76,138,105,138,3.235652174
11921952,465.46,74,29,74,6.29
12866364,465.15999,92,80,92,4.8274275
15223004,465.13993,53,48,53,8.115848396
11684447,465.05999,92,71,92,4.819818804
11747597,464.47998,131,83,131,2.966946527
11686203,464.4299,124,87,124,2.531693371
12813083,464.12994,71,50,71,5.507229648
11683712,464.1,60,48,60,7.735
15107872,464.07,92,76,92,4.99
11733138,463.76,123,110,123,2.926666667
14935377,463.39,123,104,123,3.648688525
11734663,463.32994,73,61,73,5.913195959
11665472,463.06,133,75,133,3.008796992
13902591,462.87999,215,167,215,1.253007749
12240756,462.01,95,64,95,4.684736842
11824893,462,224,220,224,2
11743743,461.81,197,181,197,1.617817259
11701946,461.57,91,78,91,4.984505495
12932833,461.47957,47,45,47,9.144956064
15239360,461.16,194,169,194,2.01628866
11843517,461,144,109,144,2.553846154
11747607,460.97996,91,81,91,4.540622555
14509225,460.92,137,121,137,3.276788321
14001171,460.73999,93,81,93,4.22994621
14079402,460.44999,56,36,56,8.133035625
11647430,460.17,65,63,65,7.294615385
11833495,460.05996,124,104,124,2.81548379
11713225,459.19,148,131,148,2.848108108
11645844,459.08,85,71,85,4.99
11746664,458.96998,118,82,118,3.059660975
14405204,458.87,122,112,122,3.409672131
13797938,458.67993,91,71,91,4.18600706
11693421,458.49,51,29,51,8.99
14078708,458.09,124,97,124,3.485080645
15264649,457.98,101,91,101,4.49
11747505,457.87992,114,81,114,2.546491064
15059658,457.65,128,96,128,3.380625