ITEM_ID,TOTAL_REVENUE,VISITS_PURCHASED,DISTINCT_CUSTOMERS,AVG_PRICE
11740941,41194.30994,27233,10176,1.479501921
11685694,30867.7341,3123,2491,8.49869876
11740923,28267.85961,9738,4588,1.393544952
11696675,22124.93149,2256,1743,9.286576188
11610106,20373.91128,2079,1446,9.695243626
11686823,20128.18963,5757,3409,3.181791509
11750434,18913.91229,2737,1865,3.562525208
12762899,17920.14947,4565,3203,3.255634131
11650611,13916.84942,2073,1235,6.565854507
11741143,13913.8892,2767,1838,4.977630753
11696680,12159.15813,1902,1461,5.681752051
13881134,11835.73315,1261,950,9.181787
11697985,11791.05527,1438,1109,6.965982097
11743201,11608.04985,4555,2844,2.316224447
11741816,11287.53981,3198,2106,3.074299544
11611881,10994.56983,3676,2401,2.980371283
11639874,10871.38187,1118,916,9.407914928
11675064,10524.32889,1828,837,5.43353181
11600537,10308.52979,2799,2289,2.849769536
11741274,10223.32986,5209,3183,1.14688542
11657048,10058.02881,1016,732,9.586642843
12518517,9770.00241,1169,551,6.435429346
11659747,9751.82954,2902,1608,2.468887898
11697918,9687.99,3456,2272,2.427421393
11742360,9665.17995,5018,3034,1.903941805
11746232,9662.22981,2462,1172,3.684878124
14388093,9651.24542,1068,791,8.470726601
11741127,9620.67956,2003,1489,4.753481248
11677203,9587.74912,1924,1241,4.925877092
11676841,9412.90731,1460,948,4.870763049
11675055,9348.58937,1654,771,5.455112674
11832850,9266.25688,1064,741,7.830442808
11745837,8996.98992,3777,2370,2.365243561
11746233,8760.20976,2235,1050,3.683559997
11600749,8603.15,4209,2920,1.938885721
11742736,8544.10982,3689,2515,2.304411719
11742461,8475.88992,3414,2177,2.443080927
11662922,8319.99168,832,476,9.281804697
11675063,7877.07893,1349,573,5.423706072
11746238,7663.68972,1874,816,3.681558118
11659745,7518.15965,2179,1201,2.492628084
11696659,7495.00895,1056,841,6.601140563
11740296,7300.20998,3020,1745,2.376778693
11612558,6708.78,3289,2389,1.93840073
12913750,6686.69995,1240,672,4.982647837
11599868,6615.93,2627,1858,2.49
11686839,6535.07992,1856,1346,3.243595532
11832856,6358.8395,1152,808,5.148978379
11702769,6349.93912,1087,842,5.229982714
11608903,6287.18989,1268,1024,4.836826983
11717359,6207.61997,1172,630,4.985759377
11696651,6126.20403,616,540,9.695407225
11743679,5930.52991,1293,965,4.571062065
11600129,5718.28985,1814,1160,3.091396491
11746191,5623.02946,1009,756,4.989827143
11702687,5531.09773,643,575,6.6113454
11629829,5519.63997,2126,1309,0.608679836
12788250,5403.40999,1166,831,4.337202686
13797916,5344.62999,1318,927,3.987988111
12932343,5246.09557,543,495,7.71106544
11699376,5215.69865,755,622,5.702259478
11668104,5165.3697,1412,914,2.875755381
14340248,5161.52622,537,379,8.925871983
11633904,4820.7799,1344,927,3.435457746
12635005,4803.17937,899,793,4.409890627
11746136,4644.85957,797,396,5.549803168
14570356,4643.19972,778,656,5.258922636
11746188,4640.94965,855,641,5.002300015
11668067,4615.12987,1319,891,2.892159439
11712767,4604.41989,1156,606,3.683001702
15066444,4541.04981,768,604,5.576410475
11635293,4527.36951,580,533,7.377649009
11689531,4510.64983,864,632,4.604162753
14567596,4485.61966,765,646,5.406818975
14567659,4441.62972,778,669,5.245308331
11696669,4434.87928,576,390,7.104825734
11675059,4345.92953,754,384,5.410163302
11673668,4328.3689,569,449,6.586542707
11745914,4327.83989,2155,1626,0.914278256
11742786,4139,2599,1792,1.562663845
11616783,4125.99993,874,505,4.495610198
11600491,4099.26996,1271,915,3.02631086
11635275,4087.31859,409,392,9.713085667
11820821,4072.1376,426,372,6.990544665
14570357,4021.00984,705,604,5.206676048
11746246,3992.33965,940,505,3.743433692
12750654,3960.55997,891,598,4.163247278
11743876,3960.24976,979,665,3.61630909
11746124,3934.31987,741,423,4.925838904
15145961,3919.7761,392,317,9.786844005
14567807,3883.21967,665,550,5.317092523
11735563,3869.99613,387,194,8.29327336
12406002,3859.28625,387,346,9.738681328
11749110,3845.78999,1161,816,2.812608382
11742670,3843.35992,2121,1449,1.79182301
11659751,3836.77972,1117,813,2.393195998
11743933,3815.96,1568,1069,0.712359694
11742603,3812.44999,2649,1624,1.422095128
11666579,3800.23988,702,624,4.82505456
11746231,3749.55996,1515,834,2.279040699
15065940,3689.23985,617,502,5.742312164
11742219,3659.68999,2380,1694,1.530764702
11712740,3649.7799,911,458,3.676754455
12187228,3630.23997,847,589,3.920566694
11842659,3609.67737,381,319,9.150509606
11838638,3574.76982,796,591,4.029757026
12906968,3534.02922,504,349,6.185078644
11662192,3495.06803,370,299,8.838022311
11828090,3469.43999,772,681,2.971170117
11741211,3458.22997,1442,900,1.126813672
11749354,3423.68,1161,1057,2.812566753
14376833,3418.20994,826,569,3.848373665
11634180,3413.13971,415,328,7.871019735
11649813,3376.16982,1281,566,1.485750302
11613509,3370.79913,557,431,4.803162503
11613507,3369.89918,558,420,4.882926465
11684627,3368.6794,392,343,5.839667756
11742303,3358.94997,1003,504,3.019641069
11601443,3354.63994,898,768,3.564491434
11698905,3347.83818,421,372,5.017523747
11677975,3343.22997,1148,1005,2.68764808
12472025,3337.69993,761,558,3.928287313
11698908,3328.96835,353,321,7.236620847
15065935,3322.64991,587,498,5.434287266
14856715,3283.62984,569,482,5.238084253
11746235,3274.95999,1352,762,2.279792898
11741282,3246.83999,2327,1570,0.79992168
14498035,3209.18979,548,444,5.615230965
14340226,3208.86821,344,227,8.348706988
11742721,3207.63966,485,367,6.424686773
11779280,3187.00991,934,598,2.851087723
11606574,3170.84991,817,710,3.151611561
11697902,3143.22999,1690,1213,1.653974358
11746228,3136.90938,521,189,5.411534928
11742393,3125.60999,1447,1097,2.145435377
11820781,3120.70906,361,323,8.309485242
11746227,3093.76998,803,401,3.685998334
11742573,3058.29996,1036,683,2.765971678
14905344,3052.88996,616,406,4.55012985
11682375,3050.61968,575,433,4.699442649
11686818,3024.74997,783,544,3.62673477
11634183,3020.49747,303,211,9.74586646
11702684,3017.45732,307,267,9.725702557
11673145,3012.46982,511,243,5.719119198
11606551,2984.37995,683,608,3.190668601
14345189,2973.74956,483,377,5.387798091
15145965,2959.99704,296,247,9.456634688
11603742,2910.26998,725,384,3.888464359
14020974,2893.00991,546,451,5.204493205
11746297,2892.42978,655,235,3.866213634
11740976,2891.97992,715,647,2.993459183
14543178,2859.82844,304,280,9.188032368
11660920,2857.86995,818,519,3.048484092
12499413,2834.15912,310,304,8.427395726
11760148,2817.42993,511,425,4.937951663
11679922,2801.95976,766,529,3.616864377
12788252,2778.08992,444,350,6.112177095
12788247,2769.47991,509,355,5.333660688
11735921,2768.16991,795,579,3.299341686
11646916,2756.2191,290,279,8.97834225
13966656,2740.55851,301,251,9.005177874
11701728,2740.17999,1593,1193,1.705947891
11686251,2736.09799,289,277,6.344632846
11742169,2733.49996,1416,931,1.926906755
11698123,2729.99727,273,246,9.6611625
11602754,2715.80989,691,407,3.150313513
11740420,2708.55996,1089,718,2.453498604
11746248,2704.87983,622,348,3.973304518
11742015,2697.62999,1241,911,1.937765242
11675202,2696.1795,432,178,5.639305
11873431,2680.83976,499,392,4.766496132
11665774,2673.84998,621,556,4.141798164
11735871,2664.09,856,690,2.99
11746294,2660.18995,630,298,3.885581984
11838636,2653.36995,609,418,4.095829191
11735962,2623.87994,749,546,3.067868863
11686811,2612.06998,639,425,3.827130923
11731777,2601.96965,474,297,5.405526719
14899956,2598.42988,707,477,3.158264922
15107687,2578.99,680,543,3.431867647
12161360,2572.93775,260,228,9.799760673
12820692,2565.21943,385,245,5.391436636
11654011,2531.9099,454,349,5.408869207
11741856,2525.55997,947,805,2.585647635
11742966,2522.68998,879,611,2.781133855
12493825,2513.8499,471,290,4.86940543
11745163,2503.19976,392,234,6.079591531
11740690,2501.53998,566,486,4.141828613
14860296,2482.6199,428,372,5.158956297
13789482,2480.89993,415,324,5.869686663
11742373,2479.41999,1146,885,2.154450253
11701521,2473.71,959,703,1.785730448
11834862,2460.30982,387,303,6.120525181
11700024,2458.02999,678,451,3.537940015
12018266,2439.30991,486,420,4.161738632
14043843,2427.74,518,403,4.48507722
11778592,2411.37,969,624,2.29
14109105,2373.04998,485,398,4.74625134
11745182,2371.43991,345,242,6.743304217
14237874,2369.68981,304,285,7.482532582
12493869,2367.99978,395,311,5.437020849
11695591,2364.66999,427,313,5.440452763
14861836,2362.77998,705,564,3.243456255
11635291,2349.87996,316,299,4.917157136
11948914,2341.98994,284,270,5.787300414
14960105,2337.85997,495,329,4.482989879
11825054,2327.42966,517,309,2.397291327
14388091,2315.28925,269,217,7.721026599
14390385,2308.68999,755,682,2.611902868
15107683,2307.85998,595,497,3.41496358
12785668,2296.23,791,647,2.224361568
11746237,2295.96,942,498,2.28
13056659,2286.59997,509,369,4.166876208
11894374,2285.89998,564,460,3.786962163
11750182,2275.69994,444,385,5.103806182
11746245,2271.68,979,631,2.29
15043196,2270.76995,580,401,3.5682471
11683922,2269.42988,357,295,5.981521786
11675026,2267.58804,230,177,9.590962761
11860771,2266.91994,619,419,3.107635949
11625341,2252.04,909,569,2.436061606
11838637,2251.23994,499,324,4.141021994
11660553,2243.19995,602,408,3.122148372
11743288,2233.3498,367,278,5.69940936
11617596,2232.45998,546,433,3.983949927
11693256,2228.55992,441,304,4.932622744
11728785,2221.24999,853,650,2.59486517
12932707,2218.12949,315,289,6.290528151
11659746,2215.1798,604,426,2.40237851
11852072,2213.62999,643,577,2.988460339
12734565,2213.29992,474,357,4.526803713
11678806,2201.9381,234,224,8.70985013
12861735,2200.98995,567,355,3.533576102
14340510,2200.80994,553,299,3.584966813
11621883,2181.77991,458,378,4.029978106
11683917,2179.35992,354,304,5.780244718
15107685,2165.89,594,496,3.407912458
11745088,2164.91985,363,282,5.757355165
11610108,2164.68808,224,189,9.544738571
11698053,2163.199,255,242,8.306662922
12466640,2159.99784,216,153,9.552459583
12788644,2144.29993,277,209,7.608784477
11972270,2133.83997,572,276,3.273645092
11659753,2121.79984,499,349,2.92832184
11703843,2115.05994,300,278,6.93464436
15016567,2114.47987,360,301,5.619064639
11855813,2110.79987,333,254,6.143543348
14383206,2103.92999,931,717,2.241766912
11609045,2101.9299,427,344,4.810772635
15065937,2090.77991,359,313,5.355895922
11746226,2077.08,868,502,2.28
11620838,2072.23999,513,400,3.92146848
11687029,2069.31861,207,144,9.803471739
11738366,2069.25903,244,209,6.51191707
11702795,2064.28994,500,444,3.39548996
11746171,2058.33991,492,245,3.878123247
11698917,2055.5298,410,345,4.124036374
11739434,2050.32,461,414,4.386963124
11743836,2041.51998,1665,1247,1.218852844
11703689,2040.2997,425,376,3.214305706
11742256,2026.68,1431,1132,1.297966457
11743676,2024.53,544,475,3.63354473
11697893,2020.79,506,379,3.878339921
11701295,2019.49994,685,331,2.541839396
11697904,2015.34,693,549,2.703290043
13789458,2012.65995,337,282,5.868486573
11659752,2012.34987,477,334,2.959971015
11942634,2011.49991,359,266,5.470751971
11901473,2011.31991,277,221,7.098627996
14388197,2007.26861,214,187,8.819012757
11746250,1999.78,469,398,4.236481876
11838811,1986.97,1049,670,1.63
11746234,1986.44985,350,136,5.4565236
11742703,1983.05975,299,216,6.531972508
12741292,1981.56996,247,198,7.941578866
11646189,1972.23997,548,423,3.318515804
11727614,1971.37999,531,357,3.489704953
12788254,1969.7,431,362,4.168294664
11700004,1966.51997,606,375,2.883201295
11722719,1956.77995,808,604,1.727362902
12889459,1952.16,710,478,2.49
11748787,1951.47992,518,428,2.858526349
11684798,1950.17,604,264,3.034701987
11666588,1944.84988,365,326,4.325255619
13797915,1935.19998,464,349,3.982679588
11741054,1928.97997,452,389,3.618871665
11673434,1926.72916,193,171,9.178279206
11609331,1924.41,616,470,2.878198052
11620208,1922.31998,353,288,5.162861176
11702677,1912.7992,237,225,6.492644262
11698925,1911.51976,333,253,4.791075755
11744267,1901.32977,284,163,6.315427958
11699067,1892.22891,209,201,8.405136316
11740841,1891.05986,419,347,4.431992554
11741424,1886.31,723,577,2.59473029
11698066,1882.01978,335,292,4.789310642
11746240,1879.6996,310,120,5.407633774
12548115,1875.59,432,408,4.251574074
11742590,1854.07991,409,306,4.452628178
11699016,1851.04983,499,351,2.541689447
11712769,1847.61999,480,252,3.689256938
11658157,1847.52,519,418,3.311560694
11659744,1845.0199,468,356,2.733402987
11732656,1843.24938,237,108,6.289380025
14370456,1842.21993,470,310,3.653730452
11600534,1840.84998,469,453,3.06517412
14027227,1836.73999,551,502,2.661842102
11746135,1835.96,572,358,3.16
13789486,1830.09988,302,231,5.861258079
11653583,1826.06998,457,261,3.817104289
12932823,1825.4986,191,180,6.846303966
15016570,1824.9099,314,275,5.549235533
11900781,1822.14,1000,275,1.5729075
11698026,1819.97995,437,367,3.994563913
14417263,1818.94923,182,133,9.792761538
11653805,1816.06991,202,184,8.759422228
11632407,1805.57999,439,358,3.900728924
14082848,1803.43973,283,176,5.889657951
11698970,1801.59981,315,260,4.913338341
11740615,1796.57999,530,431,3.295364774
11753850,1790.09986,643,419,1.966708118
12906969,1785.10947,243,152,6.197296636
11673146,1779.6699,303,155,5.682079069
11746247,1777.89,611,396,2.863486088
11752725,1777.83991,664,446,1.939358669
11699633,1776.68987,291,238,5.824925326
11616746,1775.79999,368,247,4.645009049
13902587,1766.3,525,460,2.428526984
12176852,1759.86957,225,208,7.246131978
13881109,1759.86,426,316,4.054788732
12822429,1750.71999,478,376,3.258340303
11741268,1750.15998,438,304,3.848987808
11653998,1742.66995,312,231,5.417083253
11985424,1740.97987,265,209,6.315018632
11740793,1739.96,766,504,2.269229765
11743793,1731.38,1125,817,1.49
11740752,1722.66999,360,322,4.556861102
11741277,1715.05999,428,285,3.839867593
11746295,1714.56,713,426,2.28
11620659,1712.54995,665,480,2.168250605
11832825,1706.68958,227,196,6.897546388
14383637,1701.44,503,408,3.361769384
15232272,1700.62988,594,415,1.796096919
12159371,1699.74999,426,319,3.498376362
11740890,1699.38,653,410,2.587963247
11746288,1694.36999,416,196,3.888661851
13789509,1694.2599,284,214,5.789647711
11744934,1676.77938,249,182,4.604256077
11683930,1673.23991,274,245,5.690522965
11738375,1672.86845,170,162,9.6345205
12175836,1665.30996,382,244,4.060698051
11666106,1658.0499,205,199,7.892926537
11602996,1653.45951,281,213,5.866403968
14909815,1651.59984,357,326,3.290345375
11902874,1651.46996,515,398,3.17394167
11746118,1637.5,621,434,2.62
12187916,1636.66995,408,322,3.423472188
12218996,1636.64991,244,207,6.508518566
11664753,1631.84849,166,131,9.770171687
15060914,1629.97995,378,325,3.944938248
12518569,1626.15988,467,420,3.062961959
15231453,1622.51995,606,436,1.793413079
15120278,1616.91,1212,953,1.255594059
11741832,1614.44,766,574,2.104588773
11702691,1612.90954,276,268,4.436607802
11606563,1603.8,353,317,4.344107649
11674083,1598.74891,197,170,5.905690127
11670544,1597.46991,340,222,4.274578332
15065747,1595.61997,307,247,4.904755668
11698912,1592.66985,326,265,3.729478318
12819975,1587.41994,301,214,4.560243571
11872776,1567.70999,338,228,4.455971391
14941740,1567.69,471,337,3.088407643
12506365,1565.27994,620,515,1.445715044
11698078,1564.49989,328,270,4.149649256
12928446,1561.87,305,220,4.703688525
11749549,1560.1586,161,156,6.24561573
11687104,1559.23995,341,276,4.034134853
11954856,1559.13997,343,263,3.98182699
11979338,1558.60997,357,298,4.115546181
15016568,1557.42991,261,190,5.679999847
12820704,1555.92961,230,152,5.364978643
14211510,1555.11973,236,173,5.915712631
11698087,1551.27916,181,175,8.368080249
11667865,1550.24971,198,163,6.921598649
12231004,1549.79991,229,188,6.56390083
12889460,1548.89997,561,379,2.486191316
13778460,1547.1,526,368,2.86338403
11702389,1546.81,565,343,2.731752212
15043137,1542.66999,402,269,3.545580423
12577750,1539.99846,154,107,9.82683
14237875,1538.95996,208,187,5.136081659
11744114,1536.22998,458,371,3.193438854
11600770,1531.94999,305,278,4.528405148
11671427,1531.80999,533,487,2.668067538
15075612,1529.99847,153,152,9.836591471
13789470,1529.43998,258,175,5.889302287
11872780,1524.58998,323,227,4.538152717
11742279,1515.82999,420,253,3.522920631
15107681,1509.62,424,363,3.282959906
11698997,1506.20946,215,206,5.94171263
12516261,1505.88994,284,172,4.621666602
11668189,1504.02995,299,235,4.840468144
11625422,1501.88999,318,197,4.535796635
13902069,1496.8098,238,176,5.840979979
12218998,1494.94985,220,165,6.405075466
11645980,1484.35,307,222,4.636416938
11744851,1483.85998,546,415,2.553168491
11658141,1483.19998,413,320,3.309808977
11625340,1482.93,591,365,2.440439932
11656156,1481.32997,394,354,3.49028763
14294422,1479.55896,148,138,7.480130625
11744907,1477.51985,304,256,4.722631184
11634177,1477.38999,348,287,4.064262443
12231805,1474.84,396,321,3.548080808
14211506,1473.8697,223,172,5.946105336
11603747,1473.73995,345,170,3.879516862
11748962,1469.35917,147,120,9.859586327
12932637,1464.46995,284,254,4.803086796
11842327,1459.99854,146,122,9.828757295
11645958,1459.60999,374,227,3.452415321
11744485,1459.2,464,406,3.047112069
11927581,1458.11996,182,172,5.912225206
11742323,1457.99997,488,250,2.548463099
11746132,1457.48,463,339,3.063974082
13019940,1455.42999,484,252,2.381015492
14856670,1447.69995,249,234,5.411432319
12788388,1446.89998,668,550,1.364970056
11746969,1446.70987,238,190,5.70063
12788248,1445.52987,210,174,6.573952071
11832845,1443.33993,263,200,5.015944113
6573909,1441.95,597,399,2.215999442
11749553,1441.50885,155,154,5.599447371
11633466,1432.53985,161,144,8.664844022
12787255,1431.98996,361,288,3.469335152
11742226,1426.88,833,651,1.696926771
12807633,1425.65,409,304,3.112713936
11667050,1424.87,398,305,3.446281407
11681485,1422.60999,517,385,2.730319139
11664535,1420.43999,468,382,2.780619654
13870748,1420.30971,187,181,7.064936591
11603748,1418.24992,283,177,4.503804382
14340230,1416.83954,183,131,6.366266061
13797803,1415.13994,283,187,4.798916281
11746244,1414.56999,302,200,4.51544149
11620191,1413.33994,262,207,5.041755658
11683854,1411.4,257,210,5.433579767
11741819,1409.88996,409,381,3.033007306
14196408,1408.10998,297,217,4.475589209
11625338,1402.59998,157,90,8.870063631
14410881,1400.02978,219,141,5.875326758
14433486,1399.15944,140,136,9.69637725
11605030,1397.43999,502,419,2.774103566
11697155,1389.82878,139,99,9.728984299
13767671,1389.50997,453,241,2.363035307
14460576,1388.31969,193,148,6.198323748
14899958,1386.84,407,326,3.04980344
11609321,1380.98862,139,113,8.981933471
14502888,1374.48997,317,278,3.71191375
11746122,1373.70999,326,201,3.923057255
11703696,1370.33998,381,313,3.291706025
11654387,1369.10985,204,149,5.856592794
12222161,1368.48991,210,181,6.302333119
11894373,1368.21999,280,178,4.693749991
11746123,1365.66,312,197,4.091923077
11636950,1360.14993,202,135,6.560148342
11741072,1358.88998,377,277,3.273510153
11727459,1351.29999,466,357,2.616716733
11686438,1350.60993,322,213,3.766097236
14905342,1350,276,198,4.500869565
11645956,1349.85,365,244,3.460410959
11742054,1348.75996,354,285,3.757528178
11696755,1348.06999,330,262,3.89457575
11658147,1346.49997,369,316,3.310252913
11660916,1341.91995,384,317,3.125954824
11621874,1335.03994,384,342,2.583802038
11646279,1334.21995,349,166,3.473524324
11699047,1330.97888,137,86,9.532692737
11695981,1330.5299,314,286,3.543694193
11746133,1330.45,450,336,2.95
13789484,1328.78998,223,160,5.913856457
11638717,1328.34995,261,160,4.984099531
11823783,1327.34,263,211,4.70539924
13881110,1325.04,321,241,4.064766355
13870746,1323.89874,133,123,9.653374286
11670831,1321.90987,411,353,1.245485482
11604867,1321.01998,483,387,2.432774319
11746289,1318.71999,554,341,2.278463123
13999722,1314.79985,202,189,6.092293379
11668166,1311.10996,741,583,0.830554802
11617940,1308.40999,1012,700,0.852690027
11632675,1308.37999,318,254,3.936677138
11669426,1307.60999,273,225,4.478785971
14565147,1307.51907,141,128,7.411484628
11696034,1306.46,639,545,1.381455399
11826631,1305.84996,665,456,1.069478692
14433430,1303.6099,163,154,7.690858589
14916327,1298.97999,298,223,4.264642047
13009825,1294.99995,263,174,4.560278776
11697782,1290.84996,276,213,4.549082065
12856683,1284.73984,231,132,4.965439805
11600729,1278.4,257,240,4.539396887
11747325,1274.84991,213,149,5.488857406
11602724,1274.76,380,265,3.299526316
11712706,1271.38995,319,192,3.681797234
11674733,1270.96999,376,303,3.12239361
12787616,1269.45995,208,190,5.950977452
11696721,1269.39997,213,158,5.881377089
13009827,1267.94996,209,157,5.971052536
11668122,1267.71995,647,483,0.819623901
14509227,1266.39,366,278,3.291393443
11750806,1264.63963,173,168,7.165547139
11952131,1263.80984,298,218,4.224194111
11695594,1263.41998,329,232,3.677193495
15077003,1262.47,250,188,4.99
11746252,1256.73999,442,357,2.745452484
11731713,1256.06996,271,189,4.160504253
15164885,1251.66994,139,123,8.78899259
15031051,1251.14954,131,99,9.143635573
14345311,1251.08999,308,247,3.862110381
11662923,1249.99875,125,89,8.527991472
11659754,1243.54996,323,282,2.739127946
11669491,1239.21991,259,202,4.465894315
11638741,1234.86,311,250,3.932122186
11954858,1232.90999,277,212,3.99725631
13789564,1231.69,411,297,2.86080292
14899957,1231.67998,337,211,3.180712151
11629508,1231.42911,146,63,4.77691537
11679025,1227.78,453,261,2.656887417
12204712,1225.08983,196,174,5.250002133
15164983,1224.48999,188,181,5.877712739
11751082,1224.12,327,187,3.686666667
14878470,1221.42994,274,235,3.581611867
14071334,1221.05999,348,296,3.340862062
11741780,1217.64,967,690,1.25524302
11744852,1217.52997,429,331,2.548106696
11624139,1211.60998,326,272,3.521247423
11639535,1211.43,301,254,3.946810631
12795293,1210.47,348,251,3.43683908
11737691,1210.46,353,255,3.41917847
11703590,1209.86996,304,200,3.593958289
11675084,1209.56999,331,225,3.054078542
12788455,1208.7,492,435,2.310121951
11659749,1206.29995,303,194,3.10081953
14249657,1204.27997,292,233,3.616061618
11646126,1203.03999,237,162,4.84587903
13798064,1200.83976,145,112,8.040274448
12788285,1198.29,294,243,3.985578231
13797799,1197.51999,390,258,2.894880335
11635881,1196.26996,240,189,4.572701344
11746374,1196.19972,208,89,5.077883942
11630774,1193.47,248,193,4.715806452
11698101,1190.67911,123,112,9.55836687
14875969,1189.27953,119,107,9.804870189
11746211,1189.13998,258,190,4.08090437
13778464,1189.11999,392,279,2.888494892
14388098,1185.7799,174,146,6.344980575
11701218,1183.69,348,286,3.268189655
11842629,1181.63995,364,240,2.514318393
11642866,1179.85999,376,327,2.921276589
12493826,1179.00989,213,127,4.855617934
14071333,1177.75,336,285,3.373779762
11606412,1177.64,209,169,4.99
14502892,1177.38997,257,218,3.942827461
11746205,1177.27999,491,418,2.200257974
11681161,1176.53,421,348,2.613230404
13043424,1175.39,261,192,4.43743295
11914170,1174.59998,320,272,3.163156234
11697886,1173.63954,150,116,7.599663733
11733243,1170.75982,142,101,7.581642588
11624136,1169.82994,306,250,3.48040844
12516262,1168.51997,219,151,4.567001484
15145963,1166.78907,121,109,8.871535785
11972326,1165.60996,342,211,2.916500943
11659750,1163.07997,311,214,3.102422276
14878485,1162.66998,267,256,3.623426949
13870755,1161.42888,117,109,9.798537564
14382972,1161.40938,140,108,7.450769929
12719231,1160.55999,145,126,7.969379276
14405312,1160.14,228,179,4.915438596
11655637,1157.07,288,219,3.948333333
14117276,1157.04998,310,234,3.304580629
11740766,1157.02999,462,298,2.47560605
11733397,1155.91989,187,151,4.962067513
14115938,1155.52997,173,149,6.540462341
11741359,1155.12997,190,186,6.000684132
11633642,1154.85993,218,177,5.069831651
11640975,1153.20962,179,102,6.386645978
11746306,1150.91,247,145,4.447489879
14993547,1149.99997,297,224,2.499999975
14101793,1148.39997,163,100,6.953374141
11620244,1145.85995,206,157,5.077621286
12156017,1144.18903,116,102,9.590710302
11684344,1143.94996,159,111,7.058385629
11735355,1143.34999,254,224,4.263661407
11619276,1143.13,276,200,3.982753623
14199102,1142.16993,189,144,5.818412526
11738371,1141.78933,135,121,6.582416444
11750878,1140,198,190,5.707171717
11697144,1139.83902,114,94,9.896248816
11823785,1137.72,218,178,4.703876147
14198077,1137.54996,225,207,4.688251789
12822423,1137.05,336,269,3.221011905
14341397,1136.74,243,213,4.503230453
11695806,1136.45994,160,100,6.915374813
14065749,1134.35999,367,196,2.743024516
11699074,1133.20991,268,220,3.268538466
11749882,1132.78997,208,167,4.966105721
13903414,1132.46997,228,223,4.405336206
11619162,1131.30985,144,111,7.323911528
11914479,1128.66996,287,233,3.12450635
12788253,1121.32,292,228,3.561917808
15145970,1121.15897,115,102,9.48833913
11737695,1120.28,319,208,3.425893417
11684197,1119.99988,171,145,6.113566901
11697159,1119.879,112,68,9.530170112
11696638,1119.57966,176,68,5.385870256
11670852,1116.76982,355,308,1.276828925
12482284,1116.51986,159,113,6.833458428
11740898,1115.28,463,338,2.394535637
14561037,1115.07995,318,250,3.47048728
11745187,1115.05995,199,152,5.477688317
12888333,1114.90994,257,159,4.039779446
14511014,1113.04982,163,142,6.237525049
11721025,1112.64993,159,148,6.767190566
12187229,1111.15998,264,201,3.916350985
11667876,1107.32905,112,106,9.886866518
11607519,1106.34999,232,182,4.526997112
11738294,1105.77,123,105,8.99
11670855,1104.12976,204,169,2.841176176
11699716,1103.68,226,173,4.762123894
11639439,1103.21999,276,237,3.929649746
13881108,1100.1,263,200,4.073269962
13870750,1099.98991,217,199,4.130495204
11732181,1099.21,264,144,3.83
11668184,1097.30997,220,171,4.704227205
12857904,1096.76998,175,132,6.200590429
14273893,1096.49995,193,158,5.22860092
15016564,1095.12998,186,150,5.753548333
11688229,1094.71,297,202,3.336801347
11679791,1094.30999,234,190,4.266559818
11599256,1093.30998,221,174,4.522790317
11654240,1092.03984,112,64,9.006308839
11623972,1091.28992,325,232,2.575928148
11664523,1090.81904,114,105,9.322974281
11602750,1090.67995,233,152,4.681029828
11823786,1087.82,207,153,4.668582931
11751043,1087.44999,639,258,1.652357848
15066034,1085.61998,213,186,4.887433451
15080720,1085.12997,184,162,5.538061522
12139270,1084.23998,289,246,3.273806211
14363228,1082.46999,301,186,3.099656689
12148130,1081.13,348,294,2.773017241
11677605,1080.10949,130,112,7.470984019
11738330,1077.6,239,175,4.49
11744126,1075.78,233,189,4.462575107
11643403,1073.11999,376,350,2.639973398
11954857,1070.39998,248,201,4.037795675
11697152,1069.93899,107,79,9.859243037
11738361,1069.50964,144,125,6.772220313
11699189,1068.57998,352,276,2.60548294
11669497,1065.62998,287,237,3.172984878
12833771,1060.51996,219,163,4.107762517
11743943,1051.69994,217,180,4.424992203
12191531,1050.99988,262,168,3.923930889
12787808,1050.19999,198,137,4.957727247
11602869,1049.99895,105,101,9.809514
11699190,1046.01,358,276,2.600167598
14565146,1045.59928,112,107,8.219637545
12742755,1044.79998,344,257,2.774941846
11733929,1042.93985,121,85,7.95818124
13902669,1042.42995,162,156,6.264999861
12793308,1041.39,237,205,3.99
11741762,1040.85999,377,271,2.487816088
11666585,1040.68997,198,167,4.737432614
14964171,1039.99994,106,74,9.528301604
11621670,1039.06999,299,266,3.185462642
12819977,1038.73999,249,159,3.708915653
12635913,1038.14,1839,1420,0.561035889
12734559,1038.10963,182,153,5.464750879
11659117,1037.61972,166,69,5.387268253
12705027,1037.23994,204,173,4.37019598
11636454,1037.18,230,163,4.470434783
12184448,1036.66979,144,99,6.435207639
11738373,1033.99932,116,102,7.715584375
11618796,1033.10997,237,178,4.204613165
12787020,1032.96984,159,110,5.98303934
11698155,1032.88956,141,119,5.610183124
11951732,1032.28,122,97,8.461311475
11658144,1030.45,292,230,3.323869863
11639532,1028.88,256,227,3.925546875
14197620,1028.54989,156,145,6.173397151
15145967,1028.17904,105,89,9.363610333
12572037,1027.69999,214,171,4.61777257
11624657,1027.09,262,145,3.79
11602745,1025.98995,267,153,3.146616676
15146223,1023.64916,107,94,9.180179416
11839867,1023.36999,301,237,3.23754152
11685514,1022.80998,532,432,1.111842101
11743040,1021.4,199,152,4.874422111
11729532,1021.18994,278,192,2.935731371
11697156,1019.84913,102,66,9.728913309
14198897,1019.10988,151,137,6.351721457
11668136,1017.92998,639,517,0.786353676
14085502,1017.08997,181,157,5.372762376
11951698,1016.78,370,305,2.665135135
11666103,1016.23999,176,170,5.717329517
11687939,1015.93996,170,123,5.858470471
11745487,1014.32996,250,180,3.63135996
15082119,1014.29998,261,229,3.68803318
11781795,1011.98991,150,60,6.41882195
13789460,1011.96998,105,95,9.542571333
11739408,1011.76999,217,142,4.512319493
11743317,1010.54,240,191,4.179
14513086,1007.74,285,216,3.277192982
13894805,1007.53997,149,128,6.661342181
13870744,1005.8293,105,97,9.317422167
14106215,1004.55993,151,121,6.409889404
14502890,1003.89997,237,213,3.796202489
12159328,1003.00993,233,187,2.320057172
11741918,1002.86,208,184,4.684711538
15164984,1002.0099,157,151,6.031910541
11675334,999.999,100,93,9.84999015
14230610,999.74,412,350,2.066407767
11659748,999.22997,264,216,2.874008809
13035032,998.98,100,84,9.9898
14555763,998.81999,301,254,3.108527126
11661100,998.10997,142,119,6.923309754
14492863,998.00996,306,247,2.723986895
14340236,996.69975,117,93,7.860895919
15016571,996.32995,170,152,5.654999853
13902590,993.45994,156,130,6.165341699
14300410,993.39,314,148,2.590366242
12751400,993.28,259,190,3.717837838
11615002,992.4,671,544,1.416378539
14543018,991.21996,173,144,5.35631974
11619282,990.02998,262,177,3.502926183
11697161,989.83917,99,73,9.543830455
13904245,988.44,401,200,2.448703242
12787839,987.23,257,189,3.708677043
14410882,986.46993,160,100,5.936270625
11671925,983.2591,100,82,9.207591625
12165849,981.41996,274,238,2.512287071
11742286,979.49999,224,155,4.287336295
11731766,978.99,298,246,3.08385906
12518487,978.74996,232,224,3.98025847
12252854,978.64998,226,147,3.808598794
11742606,977.96973,166,124,5.79098241
11708570,977.79995,335,255,2.455885544
11692145,976.87991,167,149,5.484550629
12906967,976.51977,139,101,6.179999191
11742920,975.94998,177,128,5.236525367
11652266,972.97,237,202,3.84443038
11670364,970.97984,118,59,7.522428729
11751556,970.52991,156,135,5.922200577
11695992,970.49996,391,351,1.604083535
11599899,969.99,617,487,1.49
11635289,968.88993,255,245,2.456603859
11738327,967.38998,211,170,4.457596469
11624135,967.25998,265,234,3.456742113
11711358,965.24994,221,179,3.283634925
11688840,962.58,122,104,7.89
11742236,960.41,544,353,1.762454044
11873427,959.99904,96,91,9.895823438
11685458,959.67984,138,87,6.362414891
15082470,959.39,253,211,3.681699605
11753870,958.61999,396,306,1.978739476
11698574,955.95992,162,134,5.654073827
15143998,954.75996,180,156,5.159916569
12889496,953.9,318,234,2.590880503
11842626,953.84991,272,219,2.527519188
12845246,953.06994,168,136,4.507499899
12734557,952.8998,189,133,4.941004286
13039552,952.31,314,260,2.98522293
14065552,950.6793,98,87,9.347493163
11699156,949.77925,101,80,8.543359678
11671265,949.04982,113,103,7.474735951
11602709,948.99994,188,141,5.047872021
12785613,947.98989,225,172,3.063504644
14941604,946.38999,278,225,3.048345315
11743286,942.26998,125,100,7.45815992
12787878,941.37,234,162,3.714786325
14000440,940.62988,149,112,5.899082383
11748194,940.47997,155,147,5.960085935
12788658,939.14998,232,207,3.897413772
11669494,937.38998,251,206,3.264116843
11658016,937.24997,169,142,5.16670605
11699918,936.64999,210,164,4.298619038
11676167,935.14993,166,111,5.041064066
13043422,934.95999,194,117,4.674398608
11815094,933.98998,264,185,3.140075741
12932827,933.48986,148,125,5.707409459
11745697,933.16998,171,67,4.965750453
14565142,932.96992,219,137,3.636027283
11743304,932.09,354,258,2.618954802
13998381,931.93998,108,81,8.521049306
11620882,931.61999,357,250,2.063576092
12847369,930.41997,386,307,1.604702678
11753853,929.88995,334,200,1.88414669
14369087,929.64985,116,97,7.323648793
15162405,929.43963,93,90,9.725157581
11746207,928.99,388,319,2.209639175
11636956,925.74997,138,67,6.599637572
12193406,925,100,87,9.25
11740365,924.20999,476,403,1.931418046
14538273,921.35993,183,155,3.951220287
11658787,920.82995,164,125,5.208800671
11702704,920.76996,217,207,3.604139724
11599734,916.60998,222,197,3.377927905
11645275,915.84981,114,93,7.200437763
12788377,915.19994,136,126,6.47205864
11746307,914.26,352,256,2.582613636
11604872,914.07,364,293,2.449615385
11842484,913.32997,200,131,4.050316625
11694152,909.29,491,397,1.037800407
14856710,908.86996,157,133,5.329171895
11692493,908.27983,336,155,1.273260539
14476452,906.90996,208,151,3.858381358
14101795,906.88998,113,79,7.937079558
11746308,906.87994,166,102,5.229517892
13017166,906.65927,92,86,9.148471033
14230616,905.98998,285,208,2.651298228
11666765,905.13997,210,191,4.043952333
11746298,903.75999,361,212,2.279224371
12810584,902.44996,200,173,4.1794166
14383199,899.18,400,339,2.226125
11666111,898.94994,111,106,7.963513108
11600616,898.2,176,169,4.011846591
11672511,896.76,281,245,3.130498221
12932341,895.83929,92,73,9.628688043
12787781,895.17976,106,102,8.162073491
11752719,894.97994,304,167,1.983330574
11635063,894.89998,112,83,7.900892768
11706967,894.8899,121,104,6.927465207
11738540,893.53999,284,198,2.982992949
11618388,890.81999,174,147,4.95902296
11666822,890.76997,202,175,3.911765631
11714016,889.99911,89,88,9.868903989
13008898,888.28986,188,132,4.70696734
11727689,886.39,288,240,2.758611111
11692505,885.81993,449,216,1.278337347
11696693,885.02,495,418,1.342929293
11703784,884.58999,242,194,3.368698339
11779049,883.84992,123,81,6.86056878
11638489,883.37996,116,101,7.442930862
14414610,882.84993,212,172,3.75841184
11672123,882.54999,194,174,4.473728505
11743146,882.39994,156,119,5.117521202
11685275,882.38997,304,216,2.829780641
11746258,881.03,308,241,2.790649351
12620348,879.32979,88,61,9.537838977
11688224,879.02996,237,149,3.386089968
11692482,878.87994,285,123,1.322038962
11652149,876.85997,254,198,2.759015719
11741343,875.3,446,266,1.947040359
11665955,875.14997,194,163,4.145472466
15164986,873.95994,136,133,5.799705717
14345281,872.74998,217,167,3.78579106
11633644,871.40992,159,137,4.955911745
11843221,871.29999,201,170,3.966832488
11599322,871.23999,127,112,6.820787362
11748958,871.22999,128,113,6.767421836
12139215,870.43997,232,192,3.290416627
13043426,870.2,176,130,4.771363636
11668496,867.78995,174,145,4.726637802
11746210,866.73998,182,141,4.087962019
11731568,865.69999,175,125,4.484533314
15092725,865.65944,90,78,9.173994222
11632672,865.15999,214,178,3.825560724
11616781,862.41984,154,66,5.059003831
11702685,862.20944,93,82,9.163542473
11599318,861.28997,124,114,6.824919234
11706008,861.18988,141,124,5.639786809
11731983,860.53991,171,138,4.42371309
15057148,859.95995,188,158,3.959237513
11734491,857.9,322,220,2.660481366
11698097,857.69996,204,178,3.398419011
11903580,855.86997,195,125,4.055794821
14332413,855.32998,154,125,5.158181753
11776361,855.14997,309,244,1.222621347
14230617,853.14998,282,233,2.591914881
12827506,851.83996,198,127,3.747777715
13798062,851.30999,242,183,3.293147373
11746209,851.16999,183,160,4.143606544
12880464,850.80995,124,94,6.659757863
11654394,850.73997,129,107,6.045116163
11604260,849.99915,85,46,9.186265324
14941602,849.97997,233,136,3.215722425
11745096,849.16998,85,68,9.872588118
14239091,847.54998,260,204,2.63892306
14502889,847.34997,206,193,3.620339757
11656149,847.20999,172,113,4.667383706
11627622,846.50943,96,82,6.691072578
13009828,845.88993,118,81,6.843700297
11693248,845.87991,121,82,6.618842603
11672403,845.46998,199,148,3.783467312
12786632,845.28998,207,174,3.745330085
12936587,843.79997,282,240,2.575744659
11706011,843.62994,143,122,5.68972007
11601351,843.37996,139,112,5.650719302
11686808,842.85999,265,192,2.840247377
11852045,842.6,197,160,3.398680203
11670825,841.09986,169,137,2.777396228
11751035,840.84,196,120,4.29
14147445,839.79932,88,67,9.221204716
12541518,838.49998,231,189,3.27507934
11820857,838.32999,262,210,3.161176832
11633395,836.45,152,144,5.404473684
11781797,836.31987,121,70,6.360770826
11744071,836.24,277,241,3.018916968
11741400,835.84925,87,87,9.280221523
11740756,835.83999,638,358,1.092225704
11599608,835.6999,140,125,5.588333
11744488,835.34999,255,209,3.116509799
11859559,835.06997,178,127,4.340617921
11743330,834.0695,93,77,8.860962473
12203573,832.48,231,161,3.316839827
15243485,831.28994,192,134,3.456458258
11698114,830.82985,194,135,2.735685285
11680578,830.75999,227,203,3.506049912
11633440,827.16988,95,79,8.575472553
11692150,826.01998,190,183,4.054140329
11682613,825.76,221,175,3.685927602
11730371,825.73,217,161,3.63516129
12514048,825.28996,125,84,6.44231984
11823127,825.23999,161,145,4.628778447
12845245,825.23997,159,134,4.158935994
15173095,825.09997,93,74,8.632027567
11648792,824.91993,115,95,6.868869261
11697787,823.6698,113,104,6.404158407
12807631,822.79998,230,154,3.344536207
13902573,821.63996,498,400,0.741137881
11615500,821.07994,212,142,3.555220059
11688227,820.09998,225,141,3.333051822
11679917,819.67994,234,146,3.442307436
11647856,819.24997,304,264,1.678760956
11823784,818.36,158,113,4.863670886
14543013,817.76987,134,97,5.466094123
11701327,817.47,279,221,2.54
14383201,816.62999,357,294,2.259719874
12785669,814.87,279,231,2.72781362
11645960,814.36,228,146,3.476403509
11642926,813.92985,219,168,1.697016669
13881111,813.9,199,150,4.069899497
11600618,813.37,158,144,4.974208861
12541519,812.59998,225,193,3.2960148
14389592,812.08995,174,155,3.633840905
13881129,812.05931,84,73,9.607848988
11681602,811.76996,343,304,1.461341092
11743728,810.83998,201,172,3.67583745
14389774,810.73997,187,122,3.729607794
14509229,810.56999,231,190,3.271774881
12802538,810.46993,155,101,4.550850839
11605212,810.12,187,168,4.313529412
14122149,809.89,255,244,3.10372549
13035028,809.86998,115,88,6.955391217
12240071,809.25999,212,182,3.564732689
11700428,808.91947,93,83,8.698058817
12721707,808.83993,123,107,6.253441488
14899961,808.23998,249,198,3.074337329
11672585,807.84996,241,189,2.795573954
12788648,806.99,101,75,7.99
11636673,806.69,234,176,3.421837607
11634020,806.05,185,157,4.252972973
11656327,805.84992,156,132,4.389016923
11749351,805.65997,136,131,5.764730294
12928399,805.6,633,497,0.921816746
13797793,805.45,191,144,3.893691099
11781796,805.34988,117,62,6.334899808
15267904,805.20999,172,141,4.439670523
14861196,804.9898,121,61,5.764379401
11727535,804.12999,256,217,2.842617178
11635308,803.38,202,144,3.788267327
11705217,801.52985,102,70,7.049313064
11749809,801.5,189,125,4.007460317
11881060,800.57999,262,173,3.009122118
12787144,798.95998,106,89,7.427295519
12532087,798.33,258,252,2.99
14541743,798,194,133,3.99
11840470,798,198,183,3.99
14339471,797.87,188,92,3.597340426
11668007,797.6399,234,179,2.38765422
14327187,796.64953,82,68,8.871743079
11607217,796.06,210,195,3.721904762
13776051,794.88999,165,120,4.586626242
15219670,794.14996,201,164,3.283641269
14899959,793.95,232,181,3.098146552
11667435,793.79996,149,110,4.21706927
12842246,793.74993,132,112,5.748105795
11633959,793.37999,252,218,2.983095233
11749520,792.03998,199,138,3.745711859
12741439,791.90997,112,92,6.921815357
15253086,791.8,236,188,2.859237288
13902583,791.75999,157,151,4.560127357
12021845,789.99921,79,51,9.810116772
12807632,787.42,239,176,3.090962343
11620205,786.96,178,160,4.286629213
15016569,786.73994,130,112,5.744307462
11625503,786.61999,259,225,2.938918909
11639528,783.01,196,177,3.936428571
15083840,781.12995,92,80,8.218804076
11739946,780.93996,110,92,6.917636182
12860043,780.60998,211,178,3.193886235
13797795,778.50998,206,130,3.595339769
11731697,778.33993,207,133,3.267310703
11663168,777.71997,81,77,9.416296111
11698103,776.01942,85,78,8.835522882
11746292,775.88,368,244,1.63
11645120,775.4897,81,70,9.265305247
15091445,775.20992,87,79,8.450689195
11648392,774.91,168,126,4.09
11613991,773.18,173,153,4.250115607
12785772,773.17,328,250,2.070487805
12771823,770.78985,137,101,5.592371168
11698043,770.58,328,234,2.286493902
11743113,770.07,187,131,4.096684492
14221887,769.86936,77,53,9.868433377
12858020,768.70999,194,132,3.726357371
12788402,768.69997,113,104,6.669911372
13902647,768.38998,113,96,6.711415841
11700420,768.24943,85,72,8.842150353
13957619,768.03997,179,104,3.748081885
13789562,767.73,256,176,2.87515625
11684131,767.52,203,162,3.69
11691644,766.76997,126,91,5.966428452
11620533,765.50997,165,141,4.359070636
12943312,765.35992,131,108,5.305648569
15059659,765.03995,180,108,3.631249917
11842094,763.63956,80,65,9.107994938
15162311,763.54997,177,134,3.309510319
12817157,763.38991,120,107,5.965749646
11746284,761.52,286,167,2.28
14246058,759.52995,102,95,5.292058578
12787455,758.38998,149,105,4.580178926
11746206,756.86,333,305,2.146486486
12785803,756.45,205,148,3.69
11599345,755.98998,103,90,7.226440049
11645984,755.08,162,130,4.660987654
11641680,754.60998,140,104,5.259190429
14388089,754.47994,130,113,5.323999805
12513519,753.77995,77,52,9.464675
11684276,753.49996,104,94,7.036858798
12785441,751.92997,192,128,3.663593698
13796963,751.86998,159,121,4.470209607
12787582,751.6198,108,99,5.969584676
11678936,751.19965,85,72,8.547447153
11972496,750.77983,112,110,5.939880156
12510338,750,120,117,6.25
11658954,749.99998,230,212,3.260869478
13966754,749.78946,75,73,9.7305264
11701183,748.78998,219,153,3.299071507
11746249,748.34,286,246,2.616573427
14388199,748.30989,144,118,4.560950347
11621037,748.30986,123,69,5.007397907
11746372,747.85997,213,91,2.854929542
11623586,745.68,264,220,2.553636364
12185943,744.99926,75,53,8.579250747
14995706,744.25,165,147,4.262727273
12807628,744.00998,211,147,3.065071066
14908453,743.63958,78,70,9.533840769
14346808,743.58999,431,325,0.98936029
11703791,743.44,191,154,3.727172775
12705275,743.07999,133,107,5.146090216
14084933,741.73992,158,94,3.70569606
11620239,741.12999,163,143,4.393742301
15202620,741.08998,280,230,2.326380938
12785390,740.37,194,175,3.48742268
11654601,739.77993,129,89,5.437570814
11674667,739.45996,138,112,4.892898442
15053826,739.32999,203,135,3.264745468
12807629,739.31,224,150,3.159866071
11695605,738.61999,135,102,5.274024667
11603863,738.53999,220,195,2.541045443
11780896,738.53999,142,100,4.972464771
13884731,737.83,248,179,2.87266129
11852259,737.37996,116,89,6.169942371
13870759,737.37932,75,73,9.565057867
12833772,737.19996,171,127,3.866452178
11601437,737.14,135,131,5.423333333
13797805,736.66,268,159,2.573414179
12936573,735.46999,236,197,2.555211859
11669033,734.97997,182,160,3.487417527
12859953,733.74,126,86,5.823333333
15065939,732.95999,128,104,5.571953086
11702327,731.93995,234,183,3.036175043
13797778,729.73997,116,87,6.161551595
14492862,729.55,236,194,2.77779661
14071325,729.49993,216,152,2.680555475
11656146,729.31,202,187,3.356336634
13016421,728.62996,159,102,3.49769386
11633638,728.5399,142,114,4.432018451
14538275,728.16999,159,126,3.943941289
14383203,727.83,325,271,2.2374
11704330,727.82,166,158,4.336385542
11602732,726.9799,189,130,3.846454497
14369157,725.83,246,160,2.35603252
11658515,725.65999,175,111,3.847676171
11744850,723.59997,219,192,3.037234158
15031053,723.49974,76,60,9.151312737
14085899,723.07998,223,180,2.654484288
11640709,722.19,180,147,3.99
11695836,721.94999,160,149,4.310895813
11685428,721.09998,124,109,5.222163935
13966658,721.02,241,207,2.911161826
12932796,719.99928,72,70,9.807088958
11645976,719.52,143,105,4.867622378
11743195,719.12999,294,284,2.170646252
11739293,718.80994,128,118,5.546952695
11660687,718.72996,164,141,3.42262189
11668297,718.63999,417,360,0.666163068
14543014,718.20997,127,106,5.344566811
13019383,717.53999,141,118,4.851773014
11684527,717.05994,100,64,6.845599725
11742309,716.3,245,175,2.865102041
11630769,715.98998,150,131,4.58568885
12734555,715.91975,131,90,5.202809962
11743157,715.56998,204,150,2.525792463
11701894,715.35999,162,108,4.052613148
11683583,715.17998,134,113,5.262537239
11617200,715.12,186,138,3.801827957
11746194,714.93997,191,159,3.478115144
11662806,714.09,147,107,4.732857143
11731158,714.04995,100,64,6.89049975
12788251,713.91,156,129,4.49
11707350,713.89999,591,403,0.841207579
11672055,713.30999,119,113,5.896246471
12788249,712.11999,157,139,4.105339682
11749345,710.84,231,188,3.077229437
12802527,710.43989,134,90,4.289079407
11616697,710.39977,115,79,6.177389304
13902668,709.85998,116,104,6.018907974
12510337,709.02996,111,109,6.147417297
11707354,708.97999,597,434,0.821831378
11748840,708.55997,205,165,2.709317043
11907217,708.07,252,208,2.701111111
11881054,707.36999,195,100,3.563256385
14543011,707.26997,117,83,5.545811838
14115931,707.17997,95,84,7.286105105
14419411,706.83999,204,179,2.859820245
12611553,706.63996,129,113,4.905038643
11684039,706.61996,130,118,4.859538331
11833182,705.66,131,97,5.272442748
12822425,705.24999,211,183,3.274691931
14899963,705.14,221,175,3.062941176
13798056,704.94999,149,91,4.506767315
11742277,704.32999,180,110,3.660722208
11624948,704.25999,165,126,3.986020182
15256504,703.33989,77,68,8.874544286
11832821,703.27995,133,105,4.420576278
11653168,703.05,522,453,1.29
11697882,702.85998,116,94,5.958563147
11698847,701.66,202,163,3.289537954
11853953,701.64994,124,98,5.034032117
14249658,701.55998,190,165,3.424052605
12184080,701.07,172,166,4.052790698
14506606,700.95998,147,142,4.397165497
11673143,700.89993,117,78,5.677207692
11675460,700.77991,144,107,2.812546134
11679189,699.9993,70,67,9.9285615
11746230,699.48999,402,243,1.62949893
14941603,699.01,204,168,3.19004902
12932809,697.97994,134,123,4.481094303
13902580,697.78,204,172,3.146862745
11599293,697.74,158,143,4.270696203
11703692,697.52,202,179,3.252821782
13886042,697.37998,162,153,4.183539043
11872779,697.23999,167,138,3.901636707
11746302,696.57,150,98,4.4984
11609318,696.50998,141,106,4.868865177
13789462,695.82999,118,99,5.854491483
11638490,695.08999,92,76,7.500978207
11635304,693.17,182,124,3.786703297
14472122,693.08994,130,88,4.410974231
14340244,693.0299,122,91,4.925067923
11648375,691.85,293,269,2.166109215
14520793,691.71994,84,55,7.828015565
11625370,691.12,381,267,1.63
11662110,690.2,170,97,3.819411765
14456026,689.99931,69,65,9.927526304
11741288,689.87991,121,87,5.226280723
14365386,689.86944,69,57,9.853180435
11746254,687.4,243,208,2.756666667
14117266,686.40997,145,143,4.109747069
11698920,685.91998,110,89,6.144727182
12187227,685.56999,169,151,3.82209071
11647743,685.47997,105,94,6.369650667
11951688,685.29989,142,121,4.826055563
11615157,685.06,121,120,5.537933884
13810125,683.6599,94,56,6.741063298
11907216,683.44,232,196,2.672758621
11681425,683.31985,83,56,7.329155723
12787733,682.32998,118,112,5.655423644
11695562,682.25994,122,88,5.162035273
11747581,681.28998,169,132,2.22750821
11638783,680.29985,85,72,7.101567765
12787323,680.15,290,228,2.305172414
12185944,679.99932,68,53,7.239663629
11645972,679.94,177,136,3.769661017
11746293,679.86997,116,37,5.731637802
11744575,679.76,201,150,3.174079602
12139216,679.47999,177,146,3.348813531
11618161,679.15,85,71,7.99
11623681,679.05994,158,104,2.664810032
11671233,678.85998,199,178,2.539279711
11703682,678.68996,158,141,3.032974623
13789496,677.89997,113,102,5.866371549
11653271,677.12,647,583,0.780417311
11609337,677.06,184,164,3.49
11730377,677.06,185,138,3.468432432
11692270,676.5,145,141,4.527931034
11673948,676.39998,117,82,5.482478547
14376834,675.57,169,138,3.908816568
12016816,675.18963,72,69,9.37763375
13789490,674.91995,112,92,5.776160491
11643492,674.66994,219,143,2.311278473
14543023,674.28998,115,99,5.442347739
11676842,674.07,866,638,0.553775982
13798006,673.81998,119,106,5.540588151
11674727,673.6,206,161,3.095145631
12932718,673.34985,107,95,5.117585
11746186,673.13993,113,94,5.617757832
12788395,672.61,178,151,3.563033708
14340512,671.1,187,132,3.530106952
15209702,670.95999,356,268,0.94878277
11698825,670.5799,122,74,4.043469656
13870673,670.43979,80,78,8.317997438
14899960,670.23993,187,146,3.118752112
11697153,669.97935,67,44,9.925065
11697162,669.94938,67,54,9.626110522
15259005,669.65999,209,158,2.795853254
12473796,669.07,192,158,2.877604167
11743803,668.99998,102,79,6.460784216
11642863,668.57999,207,177,2.916086944
14565145,668.5497,75,71,8.1139968
11646284,668.02998,162,137,3.759156343
11697198,667.09996,240,121,2.048520816
14502891,666.89,154,145,3.918961039
11738264,666.81986,103,102,6.190047282
11746208,665.63998,140,100,4.129190429
14115939,665.57,103,94,6.46184466
14115949,665.02995,90,69,6.982036778
14566386,664.36994,69,64,9.556086159
11837700,663.92,327,272,1.909266055
13778462,663.11,223,181,2.894484305
11607871,662.18,182,156,3.638351648
13777319,661.86999,166,135,3.711204804
11703593,661.17,180,156,3.526666667
14066331,660.92998,109,92,5.971834771
12566160,660.51,177,144,3.69
14098843,660.22,169,157,3.723727811
11666113,658.87,111,107,5.845855856
12176983,658.1,244,168,2.48692623
11841159,658.09,260,223,2.341538462
12827622,657.96993,109,104,5.654250459
12813126,657.87,175,123,3.502857143
11695978,657.83,173,162,3.543757225
11692473,657.21995,259,151,1.321136831
14033268,656.76,207,156,2.939275362
11747509,655.95992,160,120,2.637416547
11667536,655.62994,324,181,0.621707204
13902663,654,497,300,1
11741394,653.87939,72,72,8.637353056
12932333,653.86994,141,122,3.75836266
11692123,653.49999,144,111,4.283356458
11743036,653.06999,120,101,5.361958292
11701271,653.06,205,157,3.052926829
11744769,652.78,394,366,1.239086294
11706036,652.53997,135,123,3.94260487
12732280,652.47991,176,151,2.338556434
11684180,652.14999,198,122,2.217811439
12875620,651.77999,141,125,4.526453865
14339470,651.42995,145,72,3.699815983
11698202,651.32,213,128,2.426619718
11750244,651.20998,81,79,7.916172716
14389782,650.72995,159,135,3.429653994
11727840,650.11998,207,167,2.77386471
11842451,650.05,133,112,4.488784461
11741133,650.04999,122,113,5.328278607
12820054,649.98936,65,57,9.922913308
11696643,649.58985,106,57,5.349905024
11673945,649.52995,104,76,5.62124976
11857115,649.19998,123,103,4.843821057
11640986,649.18999,137,105,4.552773704
11649214,649.04992,103,78,5.913106408
14502887,647.70998,149,131,3.866733725
12932821,647.53993,109,98,5.242813119
11645982,647.19,139,111,4.588561151
15029999,647.08998,150,117,4.1341333
14091953,646.81999,237,197,2.299789019
11666774,646.43999,151,135,4.069094901
15031059,646.12,88,56,7.342272727
11819747,645.99,211,185,2.929336493
11689530,645.92999,203,166,3.071330037
11606250,645.6,137,101,4.610437956
13870752,645.49938,65,59,9.635888192
12857905,645.46999,104,74,6.158365337
12714077,645.23999,155,91,4.061677403
11661623,644.96997,121,99,5.045798774
13884733,644.83998,68,55,9.335882206
11837657,644.42995,132,126,3.744419083
13789494,643.9,110,83,5.853636364
11875323,643.74,144,114,4.415
12234460,643.36985,125,63,5.09831884
11658161,642.82,180,141,3.307611111
14438839,642.12996,91,90,6.818278187
12758350,642.05985,71,69,8.902251549
11604492,641.95,198,189,2.919141414
11623589,641.51999,228,201,2.544868412
11617968,641.19998,545,365,0.844715594
14288896,640.76952,71,64,8.508491408
11742550,640.71964,77,57,7.985839481
11749583,639.94,186,96,2.711505376
11683465,639.79975,95,89,6.581681632
11615396,639.15999,76,60,8.344210461
12514678,638.65,126,96,4.736031746
12810585,638.57995,142,122,4.079037456
11620754,638.4,151,134,3.99
14237860,638.08,158,126,3.583291139
11627586,637.96,226,188,2.518761062
11690509,637.77996,152,120,3.658684145
11649103,637.17,126,112,4.025925926
11630179,637.04999,144,120,4.322245347
11748692,636.42999,157,153,3.985817389
11643355,636.28998,197,167,2.768832462
11693479,636.18996,95,94,6.486210316
13043416,635.89,137,99,4.499489051
14244849,635.60992,98,87,6.026632296
11676214,635.01998,130,118,4.762974327
13902670,634.98,280,228,2.109642857
13870738,634.83974,80,76,6.695914656
11744933,634.4596,72,61,5.897103653
11746299,634.07,149,54,3.89
13056660,633.70994,127,120,4.485222874
11730395,633.57999,185,137,2.577837827
14879247,633.26986,87,65,6.474367011
11743076,633.17994,88,72,6.854317841
11667192,632.49999,204,194,2.812843125
11639682,632.32997,70,66,8.759476036
14341554,632.04999,176,123,3.272916648
15016610,631.02,220,193,2.2725
15030123,630.84,134,89,4.637761194
11732411,630.54988,83,83,7.034738072
12932812,629.97948,66,56,9.393628636
12881178,629.63999,125,91,4.52874664
12712655,629.61999,137,108,4.475474434
11881041,629.55999,222,150,2.813333311
11820288,628.91999,183,179,3.289508186
12176836,628.84944,64,62,9.8257725
11703776,628.71,169,126,3.429349112
11752520,628.59,137,106,4.54459854
11666144,628.26999,121,110,5.03966938
14509161,627.95996,124,92,4.100618206
12787586,626.79998,72,64,8.543518403
11627655,626.53997,198,152,2.413552167
11645718,626.43,155,98,3.99
11683459,625.6297,84,73,7.153091905
14255718,625.52,161,127,3.723540373
12787352,625.03997,99,69,6.162020051
14899962,624.32,197,166,3.044822335
11749819,624.10996,169,149,3.274654766
11701898,623.97,152,124,4.078815789
12787853,623.29,277,203,2.070144404
11743306,623.05998,116,103,5.284999914
12807630,623.03,177,137,3.16299435
11747388,622.99998,204,156,1.504901944
14345309,622.4,157,137,3.89
13043418,622.23,132,81,4.638257576
13778466,621.55,205,164,2.890487805
11599468,621.31999,69,57,8.932173841
11633301,620.62998,123,115,4.889999939
11842762,620.55997,94,81,6.346701968
11617339,620.33998,162,156,3.611522593
14101796,620.31,69,54,8.99
11697870,619.79996,119,101,4.847478824
14071339,619.11,145,115,3.892758621
12207402,618.96996,105,64,5.63799981
11667233,618.06942,64,56,9.032335313
14399111,617.67997,114,55,4.415701667
11668077,617.63999,206,176,2.00891585
11607151,617.41988,199,125,1.651187604
12906966,617.19995,94,79,6.228191295
12858016,616.99999,100,69,6.07509995
14345297,616.93,156,120,3.932307692
11781183,616.9,155,134,3.720043011
11686197,616.31,196,162,2.595969388
13797900,616.23,204,141,2.794101307
11686435,614.47997,153,95,3.836601242
11743038,614.22,167,125,3.446886228
13971045,613.94999,201,193,2.972636803
11819744,613.92,201,175,2.953681592
11628760,613.87,169,125,3.146321499
12144638,613.57996,142,92,3.629882535
11972276,613.54,132,78,4.528030303
14856708,613.21998,109,93,5.200397477
11744501,613.14,336,314,1.267410714
13960140,613.04,190,152,3.114473684
11671517,612.95,189,144,2.99
11736011,612.77,122,116,4.981803279
11645974,612.75,121,93,4.90322314
14565605,612.42993,64,60,9.491092734
11743041,612.04,126,80,4.671349206
11746303,611.4,241,163,2.439605809
15067824,610.98998,103,79,5.834854272
12820607,610.92987,111,77,4.195525061
11692496,610.84996,238,138,1.286092417
11676253,609.99939,61,43,9.795072172
14370462,609.95943,61,45,9.753433525
11657102,609.93,155,120,3.883548387
11697145,609.86952,61,46,9.833926721
11853789,609.30997,116,98,5.02727
11646286,609.24,121,101,4.857768595
15016559,608.94,104,78,5.759230769
13870510,608.54999,96,73,6.286979115
13789488,608.34999,66,62,9.141666591
11628737,608.19999,152,122,3.774199539
11959190,608.14982,94,63,6.469678936
11622267,608.02,168,126,3.085238095
11604884,607.8,233,191,2.426909871
11722930,607.47999,141,123,3.52457445
12741451,607.24,76,64,7.99
12822426,606.66,179,146,3.233910615
11897380,606.6598,94,77,5.372268457
11677748,606.54995,132,83,4.595075379
11832279,606.45999,137,84,4.162335748
11674570,606.36996,156,51,2.414829013
12936576,605.87999,156,120,3.537959391
12504717,605.40999,103,79,5.179951408
15202619,605.35,223,175,2.285067265
11633318,605.17999,125,116,4.72815998
14071332,604.92,158,115,3.297721519
14856709,604.46998,106,91,5.227798703
12788243,604.09989,101,58,5.436633119
11643486,603.85997,200,145,2.320966644
11630416,603.23999,144,102,4.15444441
11689766,602.76,249,201,1.420321285
11668567,602.66994,125,106,4.039813184
11843941,602.43992,108,75,4.915123139
11664997,602.4,200,152,2.94375
12787456,602.18,119,88,4.586638655
14072538,601.99999,384,355,1.035714284
13789492,601.52996,101,75,5.757722574
12936586,601.49998,147,136,3.649943286
15164900,601.12998,89,84,6.64191
13797782,601.09999,213,146,2.426568846
14278842,600.99,188,147,2.99
12725854,600.97998,135,90,3.818049333
11746257,600.45999,115,97,5.177913
11869187,599.9994,60,53,9.91665675
11663583,599.65995,89,81,6.438127079
15016607,598.81,269,219,1.879219331
11738689,598.54999,136,110,4.080759779
13797791,598.31,185,134,2.912990991
14570358,598.05998,102,97,5.360751598
14899969,598.03999,186,152,2.96856629
11686192,597.3,181,152,2.603922652
11600599,597.17,131,111,4.49
11847126,596.45,155,143,3.848064516
11872777,596.09999,142,117,3.902981197
11742030,596.03999,183,135,2.987322391
14023047,595.91,156,111,3.746410256
14316587,595.81999,162,105,3.470576111
13777892,595.62994,93,69,6.064121559
11675073,595.40999,177,127,3.089303192
11686686,595.15985,97,54,5.235531907
11670567,595.11991,166,141,2.369999864
12787254,594.69,157,135,3.311656051
11666290,593.7,128,115,4.5759375
11746229,593.2999,100,56,5.34966625
11673441,593.28,122,116,4.86295082
12725104,593.07996,94,76,5.990425319
14565143,593.04997,149,98,3.633154295
11751224,593,162,153,3.660493827
14471852,592.52997,90,77,6.416999833
13810124,591.82987,80,56,6.564540875
11690575,591.48,199,170,2.79
11656135,590.59,91,78,6.49
11674749,589.99941,59,28,9.632758729
11832846,589.89995,133,105,3.538145219
11842091,589.55992,101,74,5.334026064
15067092,589.47997,105,82,5.455364952
14543015,588.96995,105,92,5.193650595
11746236,588.43,348,249,1.63
12153034,588.39997,175,124,2.883276143
11837655,588.24,154,125,3.780909091
11819917,587.48998,105,72,5.371333238
11641371,586.96995,106,95,5.226320519
13966867,586.92,156,107,3.717564103
12242027,586.24,167,137,2.869820359
13828583,585.81996,127,97,3.258031398
13789472,585.38999,62,46,9.361128952
14424686,585.15,165,157,2.49
11746170,585.14994,137,63,3.853454854
13043420,584.79,132,96,4.347045455
14345325,584.76,161,133,3.565776398
15253291,584.40997,182,143,1.568553092
12191716,584.1,114,70,4.95
14402833,583.85997,197,138,1.442605731
11746241,583.47999,238,188,2.357086828
12894281,583.41,166,124,3.452409639
11669610,583.13998,229,199,1.958267822
13798011,583.05996,96,73,5.743888698
12207984,583.04,104,88,5.415288462
12786624,582.98997,147,114,3.632494294
11624115,582.94999,103,69,5.449643981
15267287,582.90997,124,115,4.269542944
11698082,582.46995,117,108,3.778304694
11833494,580.94995,145,112,2.928344741
14345187,580.86971,68,60,7.365732206
14509916,579.99942,58,41,9.195393103
14065564,579.99942,58,49,9.741369569
12535885,579.99942,58,41,9.827576379
11741090,579.87,148,110,3.79
11698419,579.21,113,91,4.66920354
12932803,579.15989,96,86,5.113280703
12889443,579.11996,110,91,4.594605932
15237967,579.08996,184,166,2.857857971
11972258,578.88998,162,101,2.919855926
12895186,578.47,147,107,3.779115646
12932814,578.16943,58,56,9.882231638
11744480,578.01998,382,352,0.93891174
14095689,576.93,138,88,3.682028986
12860010,576.82,117,83,4.891709402
13864980,575.49988,82,61,6.235771677
11734117,574.88,309,242,1.841779935
11682487,574.79998,154,86,3.270432857
11604659,574.43997,151,139,3.478057338
15007552,574.08,184,138,2.99
11745094,573.85,114,86,4.99
12790220,573.62,123,102,4.045731707
14409765,573.11,158,116,3.493164557
14102407,573.03998,98,77,5.74530602
11842992,572.38999,153,124,3.27333333
14078712,572.38999,62,55,9.151451532
11675081,571.73,166,122,3.065903614
11621519,570.68,187,125,2.476403743
14315946,570.20998,223,160,1.673916278
11732861,570.20998,145,116,3.538242989
12705425,569.99943,57,39,9.824551579
11635987,569.99943,57,34,9.356715789
12705431,569.99943,57,39,9.99999
11697143,569.9295,57,46,9.647886316
11622876,569.73999,169,134,3.190256391
11849884,569.73998,123,121,4.339756057
11732627,569.03977,64,64,8.813121484
13789474,569.03,97,77,5.86628866
12240070,568.43999,149,133,3.57955255
11615398,568.24999,67,52,8.406716343
14499056,568.16,189,150,2.76015873
14345131,567.98976,66,56,7.048154432
11881052,567.77999,152,100,3.611578914
11616699,567.20992,93,69,6.050751828
11686934,566.58999,133,120,3.962506241
15243451,566.49,151,133,3.751589404
13789476,566.41,59,47,9.600169492
14995702,564.67,128,121,4.25171875
15164974,564.64993,92,78,5.670108402
12184444,564.35983,77,55,6.122639692
11746300,563.95,214,113,2.420186916
11694843,563.79,137,104,3.709562044
14115944,563.78996,83,77,6.330040021
15065943,563.77,110,90,4.989090909
11599471,563.75998,110,97,4.364424182
15165014,563.71998,80,73,6.921499875
11617960,563.64999,164,161,2.978882104
11615659,563.61977,61,55,9.239668361
11696728,563.6,189,162,2.698465608
11601482,563.58999,143,131,3.548834476
11638176,563.21997,124,113,4.178454207
13797955,562.94995,103,83,4.909579078
12162033,562.54,213,148,2.581408451
11736093,562.35986,78,55,6.216153045
12557938,561.68998,109,74,4.885596239
11706201,561.10992,93,83,5.517741505
11699128,561.08999,192,153,2.31302082
11883457,560.57996,99,83,5.460403838
12813023,560.04991,80,61,6.295791125
12787693,560.00997,97,87,5.327078918
14099487,559.99944,56,50,9.99999
13902642,559.87998,151,111,2.668940364
11617637,559.57998,104,102,4.06644226
12932699,558.20994,96,83,5.372551771
11602718,558.06997,102,81,5.471274216
11703779,557.68,145,125,3.523517241
11615493,557.67999,73,61,7.570958836
12456238,557.38986,75,37,6.4985324
15239814,557.11997,213,200,1.339311408
11733593,556.89,278,273,1.981726619
11667013,556.15998,125,90,4.06349328
12932829,556.03996,109,95,4.54155945
13797992,555.51999,99,77,5.56080803
11852257,554.70994,85,66,6.153450647
11746251,554.25991,83,74,6.005140151
11676376,554.24,258,230,2.118423773
11640521,554.04997,138,126,3.633937101
14383629,553.89,111,93,4.99
11743450,553.09996,94,84,5.653545904
12191698,552.79999,179,120,2.94748602
11872755,552.78,107,57,4.98
14115930,552.47993,77,59,6.536796136
11694852,552.2,135,112,3.711185185
11842609,552.1,242,201,2.210247934
11623583,551.84,198,165,2.554646465
14899633,551.42994,63,47,8.25021119
11820393,551.27999,216,184,1.988503079
11842759,551.27993,79,64,6.53518943
14340240,550.95978,75,51,4.816487651
11745153,550.64,210,194,2.198619048
12835458,550.46999,177,131,2.20274952
12737426,550.46,202,178,2.013881188
13056741,550.33999,67,60,8.13940291
14521869,550.33992,74,53,6.851440946
11613604,550.16,369,319,0.935284553
12185945,549.99945,55,36,8.1272646
14378582,549.99945,55,42,9.818172
11695975,549.59997,130,121,3.734403212
14445593,549.41992,66,38,7.718484242
12811692,549.3,117,95,4.575470085
14345329,549.25,203,167,2.679655172
11698048,548.44947,55,49,9.789990545
12820707,548.09997,91,57,5.25162989
11602863,547.33998,68,66,7.877548897
12191604,547.22,238,158,2.192913165
11648763,547.13,197,138,1.997284264
11701322,546.7,245,229,2.081142857
11743457,546.58998,93,69,5.769784839
11750914,546.14,135,126,4.015925926
12932788,545.91948,55,54,9.713687727
13798014,545.35999,150,116,3.28006665
14084923,545.24999,145,106,3.059034466
11630721,544.81997,116,91,4.32790222
11668082,544.68,172,141,1.948023256
11832172,544.65998,114,81,4.272631518
12833778,544.53999,144,129,3.672939792
12191712,544.5,104,61,4.95
11828100,544.38,127,96,4.119133858
12712666,543.9,131,99,3.903969466
11666567,543.71,119,102,4.568991597
14908454,543.70972,57,48,9.538767018
12153065,543.59,162,107,2.945493827
12878999,543.05995,94,81,5.272446543
12828327,542.74,119,87,4.313529412
12841036,542.42992,81,68,5.66232466
12506039,541.84999,113,98,4.634631239
14388203,541.65982,77,66,5.121146299
11604888,541.51,216,205,2.437824074
11730374,541.49999,146,124,3.547146096
11682242,541.06995,102,91,4.769248137
11741019,540.99999,103,99,5.203883447
11661622,540.88994,99,76,5.110454242
12493830,540.58995,103,76,4.842588786
12785361,540.57999,352,306,1.131704542
14094363,539.99946,54,42,9.9073975
11628815,539.83962,54,41,9.99703
12191706,539.55,108,76,4.95
11686868,539.53999,152,119,3.174994013
11676513,538.93999,152,127,2.455197355
11696797,538.92,102,83,4.99
11749582,538.72,143,75,3.207482517
11948032,538.68995,86,56,5.973139244
11699924,538.52999,123,88,4.248644959
15066033,538.3,105,100,4.898571429
11689538,537.31998,129,103,3.734082636
11706969,537.28999,72,63,7.392916597
11599907,535.98,102,98,5.254705882
11951694,535.7699,106,81,5.054433019
11604862,535.55,217,195,2.433548387
11615401,535.25998,76,51,6.911315658
14944840,535.13997,84,68,6.25761875
15016561,535.07998,90,59,5.615222153
11692472,534.90998,241,141,1.292863062
14543020,534.58997,90,79,5.556999833
14496289,534.33993,91,88,5.322417198
12813128,534.05998,132,93,3.547285303
12516269,533.93997,140,126,3.229499929
14472124,532.87997,99,48,4.454949394
11951690,532.54982,76,44,7.007234474
11633298,532.53,145,139,3.624482759
11677612,532.37,109,80,4.714770642
11742624,532.33,149,132,3.503187919
14916311,531.29999,115,94,4.332115913
11735526,530.95,197,188,2.591522843
11606893,530.92998,102,74,4.980914951
11634178,530.63998,59,50,8.82440661
12184679,530.55,198,165,1.857676768
12894283,530.54,151,122,3.446291391
11750775,529.99947,53,51,9.685524906
11840418,529.99947,53,43,9.591185377
11669689,529.99947,53,51,9.811310943
11692508,529.87,326,220,1.290490798
11684676,529.83,191,159,2.561204188
15165061,529.77969,53,49,9.618485094
15158547,529.38,120,115,4.34
11614636,529.20991,76,60,5.451710066
12859950,529.14997,88,75,5.814204403
11606467,528.94,105,96,4.99
13902626,528.91997,83,81,6.191807048
11737591,528.79,169,156,3.093550296
11702307,528.34998,176,153,3.001988523
11667523,528.34998,359,182,0.627227804
12813129,528.23999,134,94,3.445920373
12162035,527.84,325,210,1.560630769
11670858,527.55999,132,118,2.108914129
11872778,527.43,112,86,4.506071429
11673381,527.12998,115,90,3.315695609
12835464,527.04998,118,72,3.840480169
11746310,526.82,118,102,4.464576271
11673202,526.63995,132,93,3.48583322
14005105,525.28,127,92,3.758503937
11743497,525.07,159,136,3.302327044
12810669,524.86,111,77,4.644144144
11677945,524.69,346,289,0.706943642
11693530,523.76,172,171,3.012674419
11733304,523.43997,59,48,8.589378305
14065702,523.39997,63,52,8.069841032
11668010,523.16998,170,149,2.366529382
11742291,523.09,133,76,3.68556391
11671224,522.76999,176,166,2.540397713
15092726,521.81964,54,47,9.292956667
11633306,521.74,109,100,4.603394495
12787558,520.72989,81,73,5.36378537
14889810,520.69997,73,50,6.886301205
11838810,520.62997,285,137,1.624538
13902633,520.59998,89,78,5.568876292
12788318,520.40999,128,119,3.950494766
11668192,520.22,344,257,0.812383721
14566339,519.5599,54,50,9.34370213
11734113,519.45,149,122,3.352416107
11743069,519.29997,73,59,6.908218973
11617308,519.21999,138,136,2.932681141
11744577,519.07,153,110,3.184117647
11668091,518.98,213,172,1.632816901
13797906,518.85996,87,68,5.734022759
11696700,518.52,251,221,1.49
11645970,518.37,127,79,3.747874016
12822424,518.02998,139,86,3.294340486
11749502,517.66999,84,49,6.103214226
14878462,517.32,112,87,3.676979167
12514049,517.27995,77,64,6.371601429
14470132,517.26,204,190,2.125563725
12945950,516.30995,134,84,3.091815821
11832841,516.04985,66,60,6.614190795
11660684,515.97999,131,109,3.345165382
11606786,515.97,143,125,3.391223776
11660698,515.38,146,135,3.114109589
13971975,514.33998,68,52,7.416764559
11703585,514.32,131,102,3.609083969
11894358,514.19,256,194,1.6540625
14199100,514.16997,86,59,5.804302151
15164973,513.81,118,111,4.320508475
11688999,513.54,129,80,3.778372093
12510335,513.46,108,104,4.674444444
11952639,513.35,173,139,2.923988439
13902615,513.16995,88,76,5.54738608
11640519,513.13,134,113,3.614291045
11698829,513.04988,85,74,4.819568088
12759021,512.88,113,101,3.956017699
13798020,512.62997,90,74,5.529222056
11730505,512.58,157,116,2.904012739
11744975,512.45998,205,163,1.470138202
11742930,511.87998,95,77,5.204999868
14327189,511.86,108,88,4.49
14354525,511.41997,149,136,2.528232617
11660497,511.38998,127,109,3.257112835
12144640,511.14,124,80,3.638306452
11695811,510.51,117,92,4.29
11738315,510.46999,114,79,4.296783596
11675075,510.39995,127,87,3.060997264
15053829,510.27999,144,106,3.230300903
12741459,510.27,73,66,6.99
11952641,510.08998,156,125,2.925918766
15107905,509.70993,92,72,4.959238804
13973267,509.67,110,83,4.505454545
11743095,509.63998,139,96,3.46124696
14270798,509.10996,148,106,2.47480475
11893655,508.54,93,74,5.328709677
14345285,508.3,168,134,2.99
11746253,507.47997,95,79,5.183999842
12840573,507.43999,152,138,2.546052615
11633314,507.27999,105,100,4.720190429
11671255,507.23999,178,166,2.526629199
11731740,507.14999,122,61,3.971502705
12560399,506.94999,101,86,4.772277178
12820714,506.72,87,67,4.94316092
13798008,506.67994,123,92,3.357696346
13798003,506.58999,90,83,5.467888833
12557937,506.56,100,69,4.874
11706367,506.38,109,101,4.522110092
11701217,505.51997,142,105,3.200070373
11747016,505.4,159,130,2.876792453
14907196,505.32993,74,59,6.355810338
13798066,505.08,193,133,2.178471503
11832571,505.03,168,135,2.77125
11694620,504.99992,58,57,7.988505086
13902634,504.97997,206,154,1.264854358
12932801,504.73967,57,50,7.562835789
12786883,504.12998,94,45,5.000141755
11853685,504.04,178,159,2.575393258
11857216,504.00999,94,85,4.963510612
11631179,503.56,138,113,3.136086957
13035024,503.28,72,48,6.99
12026942,503.24995,74,67,4.995228243
11655489,503.19999,120,84,4.097861083
11661088,503.18999,151,127,2.799139056
11749947,503.01999,183,127,2.487322393
15060574,502.69998,96,67,4.569201328
11681645,502.68994,112,54,3.201815335
11683667,502.58996,118,97,3.277062055
14302226,502.58,219,173,1.933013699
11684051,502.05,94,82,5.28787234
11747448,501.92,214,176,1.048084112
11746283,501.81,128,76,3.89
12856686,501.73,101,79,4.923168317
13798000,501.63,84,62,5.793571429
11702971,501.49999,127,89,3.777742756
15265686,501.24999,125,104,3.92874664
11667987,501.20998,164,134,2.371768262
12932792,500.37961,53,51,9.25244566
12185942,499.9995,50,38,7.488325845
14332814,499.9995,50,48,9.99999
14384044,499.9995,50,44,9.7999902
11855048,499.96953,50,49,9.8993907
11699964,499.72995,100,91,3.789466505
15066032,499.69,93,87,4.954516129
11952638,499.49,165,139,2.854545455
12238158,499.26,152,126,3.027236842
12560400,499.07997,87,79,5.139769943
14541769,498.82,109,86,4.22853211
11602728,498.81986,85,46,5.826233647
13797946,498.42999,109,92,4.17449539
14327183,497.59,142,110,3.031056338
12782857,497.48991,60,53,8.1803875
12892432,497.25,130,85,3.667730769
12548106,496.79,145,121,3.233172414
11905539,496.47994,58,45,8.042758103
11635358,496.40999,56,55,8.238303482
11707375,496.25,364,282,0.925906593
11745235,495.79999,181,173,1.757053398
11748562,495.56999,186,168,1.802043004
11699132,495.55999,196,151,2.054562062
11675139,494.96,173,133,2.69
11622130,494.88,112,108,4.396294643
11686847,494.3,176,151,2.808522727
12249393,493.88,157,151,3.050509554
12928394,493.54,382,306,0.922146597
12187282,493.15981,73,65,6.755613836
12222196,493.13999,136,117,3.291764688
14441190,492.94999,133,109,3.11187968
14084902,492.93,102,89,4.61745098
11697897,492.69,129,68,3.703333333
12511196,492.62996,82,55,5.197479451
11681431,492.51991,57,39,7.76350807
15236390,492,189,148,2.23015873
11703840,491.33997,69,66,6.903478043
13797797,491.29999,134,91,3.604664142
14345327,490.73,136,126,3.581176471
11669487,490.68,107,88,4.403084112
11675738,490.64,200,127,2.4532
11604818,490.36,157,135,2.99
12225630,490.11,294,277,1.622159864
12611551,489.99999,98,90,4.799625816
12186212,489.99951,49,25,8.9285625
12811253,489.86997,66,58,7.194999773
11695357,489.52998,49,48,9.786326327
11835521,489.48,129,87,3.701627907
11746371,489.06,162,100,2.86
12820601,488.99992,98,76,4.23401324
13902664,488.7,129,100,3.761317829
11669518,488.31999,122,89,3.465491783
11670993,488.19997,105,87,3.924444357
14541744,488.16,138,111,3.39
13797904,488.14,143,103,3.392622378
11743118,487.86,82,70,5.949512195
11832833,487.79984,71,55,5.405609261
11753856,487.65997,153,72,2.072997778
15554214,487.64,124,117,3.602903226
12811154,487.26,165,156,2.805151515
11658023,487.06,92,76,5.185652174
11702395,486.67,160,143,3.01790625
11743424,486.51999,204,142,2.089558814
11741906,486.49,95,89,4.821578947
12176839,486.40961,50,49,9.5281924
11668819,486.30998,83,58,5.738674578
11672593,486.14999,162,142,2.731966481
11746212,485.22,113,106,4.110353982
12600903,485.19,81,55,5.99
12787137,485.17,121,100,3.947024793
11692291,484.81,118,107,4.074745763
14293632,484.55,140,91,2.968285714
12018824,484.38,150,109,2.99
11839712,484.31,178,151,2.504550562
11722722,484.21999,163,155,2.771288328
14565126,483.65,129,113,3.586899225
11676545,483.56975,73,38,6.624243151
11651672,483.55,95,58,5.09
11599750,482.22997,116,74,2.662528664
11733135,482.13998,132,100,2.977121178
11833184,482.03,95,74,4.968947368
15165041,481.99,51,47,9.450784314
11661621,481.69996,93,79,4.964515914
11643483,481.56,189,155,2.262222222
11666096,481.45995,59,59,7.99084678
14472638,481.31998,127,104,3.169212559
12162029,480.78,249,175,1.865240964
12788583,480.62,196,138,2.020612245
12840614,480.46999,152,125,2.213201743
11703895,480.17997,85,53,5.472705706
12788121,480.00998,83,29,4.612730843
11701997,479.99952,48,47,9.687490313
11697420,479.99952,48,41,9.895823438
11777512,479.85998,56,42,8.390356964
11653979,479.33998,135,122,2.949678963
13797780,479.28,183,131,2.489981785
14549926,479.04,93,83,4.99
14536952,478.86,75,74,5.852133333
11713106,478.69996,116,85,2.842011401
11682858,478.59,144,97,3.241041667
15060572,478.37989,73,38,5.799725274
12787952,478,97,67,4.783814433
14512167,477.73,105,63,3.756666667
11617692,477.49999,101,92,4.653465322
11679915,477.34,173,93,2.742716763
14116472,477.23,77,59,6.197792208
14339662,477.08,94,82,4.714468085
11607517,477.03,102,75,4.593529412
14462772,476.99987,63,53,6.452380008
11741873,476.94999,106,102,4.424056585
15016608,476.21,173,150,2.277861272
11681799,476.14997,100,94,4.35129985
12560406,475.53996,50,49,9.3107994
13904808,475.32,68,57,6.99
11641000,474.6,105,79,4.481904762
11747583,474.30999,132,109,2.843535341
11658516,474.04999,118,72,3.80002822
11953359,473.98,97,74,4.639484536
12932693,473.71969,51,40,8.177511373
12773826,473.61974,62,28,5.211933589
11824950,473.53,113,82,4.111061947
11664828,472.57999,103,76,4.232605146
12903212,472.43998,167,143,1.429384072
11680544,472.41,107,91,4.334859813
11900698,472.39999,61,47,7.662295
11852245,472.31,86,71,5.317906977
11743432,471.88999,208,127,2.089567298
11740661,471.68,185,179,2.239513514
14327535,471.52,150,139,2.816933333
14332414,471.34998,87,71,5.153563103
11628693,470.86991,76,62,5.570657336
12858022,470.81995,103,58,3.635113131
14318902,470.69999,164,147,2.413985183
11617188,470.59,122,87,3.763278689
11834436,469.99953,47,35,9.893607128
11708592,469.34998,98,82,4.56894551
11600257,469.32999,171,156,2.644191014
11670524,469.32992,128,95,2.782317566
12187290,468.71981,66,59,7.101815303
11602861,468.44997,58,56,7.81810319
12889408,467.97999,102,85,4.470490172
14085897,467.96999,147,109,2.594716531
14206606,467.25993,71,42,6.064694366
11647430,467.16,64,62,7.299375
12766129,466.21999,125,78,3.29807998
11746144,466.01998,187,159,1.411039585
14309531,465.99995,121,91,3.150826343
11746309,465.76,138,105,3.235652174
11921952,465.46,74,29,6.29
12866364,465.15999,92,80,4.8274275
15223004,465.13993,53,48,8.115848396
11684447,465.05999,92,71,4.819818804
11747607,464.96996,90,81,4.546740583
11747597,464.47998,131,83,2.966946527
11686203,464.4299,124,87,2.531693371
12813083,464.12994,71,50,5.507229648
11683712,464.1,60,48,7.735
15107872,464.07,92,76,4.99
11733138,463.76,123,110,2.926666667
14935377,463.39,122,104,3.648688525
11734663,463.32994,73,61,5.913195959
11665472,463.06,133,75,3.008796992
13902591,462.87999,208,160,1.295176279
12240756,462.01,95,64,4.684736842
11824893,462,224,220,2
11743743,461.81,197,181,1.617817259
11701946,461.57,91,78,4.984505495
12932833,461.47957,47,45,9.144956064
15239360,461.16,194,169,2.01628866
11843517,461,143,108,2.553846154
14509225,460.92,137,121,3.276788321
14001171,460.73999,93,81,4.22994621
14079402,460.44999,56,36,8.133035625
11833495,460.05996,124,104,2.81548379
11697163,459.95958,46,32,8.91216587
11713225,459.19,148,131,2.848108108
11645844,459.08,85,71,4.99
11746664,458.96998,118,82,3.059660975
14405204,458.87,114,104,3.648947368
14522431,458.75996,92,71,4.55130413
13797938,458.67993,91,71,4.18600706
11693421,458.49,51,29,8.99
14078708,458.09,124,97,3.485080645
15264649,457.98,101,91,4.49